Point X,Point Y,Point Z,Heading,Type,Move
7032.4,-7264.33,0,2.20235,2,1
6998.57,-7227.66,0,2.42962,2,1
6957.35,-7199.56,0,2.6569,2,1
6910.85,-7181.47,0,2.88417,2,1
6861.47,-7174.32,0,3.11144,2,1
6811.75,-7178.48,0,3.33872,2,1
6764.25,-7193.74,0,3.56599,2,1
6763.75,-7193.96,0,3.5685,2,1
6763.75,-7193.96,0,3.5685,2,1
6716.28,-7209.34,0,3.34123,2,1
6666.57,-7213.63,0,3.11396,2,1
6617.18,-7206.6,0,2.88669,2,1
6570.64,-7188.63,0,2.65941,2,1
6529.34,-7160.63,0,2.43214,2,1
6495.42,-7124.04,0,2.20487,2,1
6470.61,-7080.76,0,1.97759,2,1
6456.19,-7032.99,0,1.75032,2,1
6452.9,-6983.21,0,1.52305,2,1
6460.92,-6933.96,0,1.29578,2,1
6479.83,-6887.79,0,1.0685,2,1
6508.65,-6847.07,0,0.84123,2,1
6545.91,-6813.89,0,0.613958,2,1
6589.69,-6789.95,0,0.386685,2,1
6637.73,-6776.5,0,0.159412,2,1
6687.57,-6774.22,0,6.21532,2,1
6699.79,-6775.39,0,6.15951,2,1
6699.79,-6775.39,0,6.15951,2,1
6749.68,-6775.89,0,0.1036,2,1
6798.4,-6765.14,0,0.330873,2,1
6816.41,-6758.05,0,0.418879,2,1
6816.41,-6758.05,0,0.418879,2,1
6953.44,-6697.04,0,0.418879,4,1
20978.8,-452.537,0,0.418879,1,1
21252.9,-330.516,0,0.418879,5,1
21295.9,-305.186,0,0.646152,2,1
21332,-270.821,0,0.873424,2,1
21359.5,-229.191,0,1.1007,2,1
21377,-182.434,0,1.32797,2,1
21383.4,-132.958,0,1.55524,2,1
21378.5,-83.3051,0,1.78252,2,1
21362.5,-36.0301,0,2.00979,2,1
21336.4,6.43573,0,2.23706,2,1
21301.3,41.9084,0,2.46433,2,1
21259.1,68.5636,0,2.69161,2,1
21212,85.0303,0,2.91888,2,1
21162.4,90.4616,0,3.14615,2,1
21149.2,90.005,0,3.2062,2,1
21149.2,90.005,0,3.2062,2,1
21099.3,86.777,0,3.2062,2,1
21049.4,83.549,0,3.2062,2,1
20999.5,80.321,0,3.2062,2,1
20949.6,77.093,0,3.2062,2,1
20899.7,73.865,0,3.2062,2,1
20849.8,70.637,0,3.2062,2,1
20799.9,67.409,0,3.2062,2,1
20750,64.181,0,3.2062,2,1
20700.1,60.953,0,3.2062,2,1
20689,60.229,0,3.2062,2,1
20689,60.229,0,3.2062,2,1
20639.8,51.3831,0,3.43347,2,1
20613.7,41.668,0,3.56047,2,1
20613.7,41.668,0,3.56047,2,1
20476.6,-19.3425,0,3.56047,4,1
-9966.53,-13573.5,0,3.56047,1,1
-10240.6,-13695.5,0,3.56047,5,1
-10288.2,-13710.5,0,3.3332,2,1
-10337.9,-13714.4,0,3.10593,2,1
-10387.3,-13707,0,2.87865,2,1
-10433.7,-13688.6,0,2.65138,2,1
-10449.2,-13679.5,0,2.56943,2,1
-10449.2,-13679.5,0,2.56943,2,1
-10491.2,-13652.4,0,2.56943,2,1
-10533.3,-13625.4,0,2.56943,2,1
-10575.3,-13598.3,0,2.56943,2,1
-10610,-13576,0,2.56943,2,1
-10610,-13576,0,2.56943,2,1
-10648.6,-13544.4,0,2.34216,2,1
-10679.1,-13504.9,0,2.11489,2,1
-10699.9,-13459.5,0,1.88762,2,1
-10710,-13410.7,0,1.66034,2,1
-10708.8,-13360.8,0,1.43307,2,1
-10696.4,-13312.5,0,1.2058,2,1
-10673.4,-13268.2,0,0.978525,2,1
-10641,-13230.2,0,0.751252,2,1
-10600.9,-13200.5,0,0.52398,2,1
-10580.4,-13190,0,0.418879,2,1
-10580.4,-13190,0,0.418879,2,1
-10443.3,-13129,0,0.418879,4,1
19700.4,291.831,0,0.418879,1,1
19974.5,413.852,0,0.418879,5,1
20017.4,439.182,0,0.646152,2,1
20053.6,473.547,0,0.873424,2,1
20081.1,515.178,0,1.1007,2,1
20098.5,561.934,0,1.32797,2,1
20104.9,611.41,0,1.55524,2,1
20100.1,661.063,0,1.78252,2,1
20084.1,708.338,0,2.00979,2,1
20057.9,750.804,0,2.23706,2,1
20022.8,786.277,0,2.46433,2,1
19980.7,812.932,0,2.69161,2,1
19933.6,829.398,0,2.91888,2,1
19884,834.83,0,3.14615,2,1
19870.8,834.373,0,3.2062,2,1
19870.8,834.373,0,3.2062,2,1
19820.9,831.145,0,3.2062,2,1
19771,827.917,0,3.2062,2,1
19721.1,824.689,0,3.2062,2,1
19671.2,821.461,0,3.2062,2,1
19621.3,818.233,0,3.2062,2,1
19571.4,815.005,0,3.2062,2,1
19521.5,811.777,0,3.2062,2,1
19471.6,808.549,0,3.2062,2,1
19421.7,805.321,0,3.2062,2,1
19410.5,804.597,0,3.2062,2,1
19410.5,804.597,0,3.2062,2,1
19361.4,795.751,0,3.43347,2,1
19335.2,786.036,0,3.56047,2,1
19335.2,786.036,0,3.56047,2,1
19198.2,725.026,0,3.56047,4,1
-10646,-12562.5,0,3.56047,1,1
-10920.1,-12684.5,0,3.56047,5,1
-10967.7,-12699.5,0,3.3332,2,1
-11017.4,-12703.4,0,3.10593,2,1
-11066.8,-12696,0,2.87865,2,1
-11113.2,-12677.6,0,2.65138,2,1
-11128.7,-12668.5,0,2.56943,2,1
-11128.7,-12668.5,0,2.56943,2,1
-11170.7,-12641.4,0,2.56943,2,1
-11212.8,-12614.3,0,2.56943,2,1
-11254.8,-12587.3,0,2.56943,2,1
-11289.5,-12564.9,0,2.56943,2,1
-11289.5,-12564.9,0,2.56943,2,1
-11328.1,-12533.3,0,2.34216,2,1
-11358.6,-12493.9,0,2.11489,2,1
-11379.4,-12448.5,0,1.88762,2,1
-11389.5,-12399.7,0,1.66034,2,1
-11388.3,-12349.8,0,1.43307,2,1
-11375.9,-12301.5,0,1.2058,2,1
-11352.9,-12257.2,0,0.978525,2,1
-11320.5,-12219.2,0,0.751252,2,1
-11280.5,-12189.5,0,0.52398,2,1
-11259.9,-12179,0,0.418879,2,1
-11259.9,-12179,0,0.418879,2,1
-11122.8,-12118,0,0.418879,4,1
18422,1036.2,0,0.418879,1,1
18696,1158.22,0,0.418879,5,1
18739,1183.55,0,0.646152,2,1
18775.2,1217.91,0,0.873424,2,1
18802.7,1259.55,0,1.1007,2,1
18820.1,1306.3,0,1.32797,2,1
18826.5,1355.78,0,1.55524,2,1
18821.6,1405.43,0,1.78252,2,1
18805.7,1452.71,0,2.00979,2,1
18779.5,1495.17,0,2.23706,2,1
18744.4,1530.64,0,2.46433,2,1
18702.2,1557.3,0,2.69161,2,1
18655.1,1573.77,0,2.91888,2,1
18605.5,1579.2,0,3.14615,2,1
18592.3,1578.74,0,3.2062,2,1
18592.3,1578.74,0,3.2062,2,1
18542.4,1575.51,0,3.2062,2,1
18492.5,1572.29,0,3.2062,2,1
18442.6,1569.06,0,3.2062,2,1
18392.8,1565.83,0,3.2062,2,1
18342.9,1562.6,0,3.2062,2,1
18293,1559.37,0,3.2062,2,1
18243.1,1556.15,0,3.2062,2,1
18193.2,1552.92,0,3.2062,2,1
18143.3,1549.69,0,3.2062,2,1
18132.1,1548.97,0,3.2062,2,1
18132.1,1548.97,0,3.2062,2,1
18083,1540.12,0,3.43347,2,1
18056.8,1530.4,0,3.56047,2,1
18056.8,1530.4,0,3.56047,2,1
17919.8,1469.39,0,3.56047,4,1
-11325.6,-11551.5,0,3.56047,1,1
-11599.6,-11673.5,0,3.56047,5,1
-11647.2,-11688.5,0,3.3332,2,1
-11696.9,-11692.4,0,3.10593,2,1
-11746.3,-11684.9,0,2.87865,2,1
-11792.7,-11666.6,0,2.65138,2,1
-11808.2,-11657.5,0,2.56943,2,1
-11808.2,-11657.5,0,2.56943,2,1
-11850.3,-11630.4,0,2.56943,2,1
-11892.3,-11603.3,0,2.56943,2,1
-11934.3,-11576.3,0,2.56943,2,1
-11969,-11553.9,0,2.56943,2,1
-11969,-11553.9,0,2.56943,2,1
-12007.6,-11522.3,0,2.34216,2,1
-12038.1,-11482.8,0,2.11489,2,1
-12058.9,-11437.5,0,1.88762,2,1
-12069,-11388.6,0,1.66034,2,1
-12067.8,-11338.8,0,1.43307,2,1
-12055.4,-11290.4,0,1.2058,2,1
-12032.4,-11246.1,0,0.978525,2,1
-12000.1,-11208.2,0,0.751252,2,1
-11960,-11178.5,0,0.52398,2,1
-11939.4,-11168,0,0.418879,2,1
-11939.4,-11168,0,0.418879,2,1
-11802.3,-11107,0,0.418879,4,1
17143.5,1780.57,0,0.418879,1,1
17417.6,1902.59,0,0.418879,5,1
17460.6,1927.92,0,0.646152,2,1
17496.7,1962.28,0,0.873424,2,1
17524.2,2003.91,0,1.1007,2,1
17541.7,2050.67,0,1.32797,2,1
17548.1,2100.15,0,1.55524,2,1
17543.2,2149.8,0,1.78252,2,1
17527.2,2197.07,0,2.00979,2,1
17501.1,2239.54,0,2.23706,2,1
17466,2275.01,0,2.46433,2,1
17423.8,2301.67,0,2.69161,2,1
17376.7,2318.13,0,2.91888,2,1
17327.1,2323.57,0,3.14615,2,1
17313.9,2323.11,0,3.2062,2,1
17313.9,2323.11,0,3.2062,2,1
17264,2319.88,0,3.2062,2,1
17214.1,2316.65,0,3.2062,2,1
17164.2,2313.43,0,3.2062,2,1
17114.3,2310.2,0,3.2062,2,1
17064.4,2306.97,0,3.2062,2,1
17014.5,2303.74,0,3.2062,2,1
16964.6,2300.51,0,3.2062,2,1
16914.7,2297.29,0,3.2062,2,1
16864.8,2294.06,0,3.2062,2,1
16853.7,2293.33,0,3.2062,2,1
16853.7,2293.33,0,3.2062,2,1
16804.5,2284.49,0,3.43347,2,1
16778.4,2274.77,0,3.56047,2,1
16778.4,2274.77,0,3.56047,2,1
16641.3,2213.76,0,3.56047,4,1
-12005.1,-10540.4,0,3.56047,1,1
-12279.1,-10662.5,0,3.56047,5,1
-12326.7,-10677.5,0,3.3332,2,1
-12376.5,-10681.3,0,3.10593,2,1
-12425.8,-10673.9,0,2.87865,2,1
-12472.2,-10655.6,0,2.65138,2,1
-12487.7,-10646.4,0,2.56943,2,1
-12487.7,-10646.4,0,2.56943,2,1
-12529.8,-10619.4,0,2.56943,2,1
-12571.8,-10592.3,0,2.56943,2,1
-12613.8,-10565.2,0,2.56943,2,1
-12648.5,-10542.9,0,2.56943,2,1
-12648.5,-10542.9,0,2.56943,2,1
-12687.1,-10511.3,0,2.34216,2,1
-12717.6,-10471.8,0,2.11489,2,1
-12738.5,-10426.5,0,1.88762,2,1
-12748.5,-10377.6,0,1.66034,2,1
-12747.3,-10327.7,0,1.43307,2,1
-12734.9,-10279.4,0,1.2058,2,1
-12711.9,-10235.1,0,0.978525,2,1
-12679.6,-10197.1,0,0.751252,2,1
-12639.5,-10167.4,0,0.52398,2,1
-12618.9,-10156.9,0,0.418879,2,1
-12618.9,-10156.9,0,0.418879,2,1
-12481.9,-10095.9,0,0.418879,4,1
15865.1,2524.94,0,0.418879,1,1
16139.2,2646.96,0,0.418879,5,1
16182.1,2672.29,0,0.646152,2,1
16218.3,2706.65,0,0.873424,2,1
16245.8,2748.28,0,1.1007,2,1
16263.2,2795.04,0,1.32797,2,1
16269.6,2844.51,0,1.55524,2,1
16264.8,2894.17,0,1.78252,2,1
16248.8,2941.44,0,2.00979,2,1
16222.6,2983.91,0,2.23706,2,1
16187.5,3019.38,0,2.46433,2,1
16145.4,3046.04,0,2.69161,2,1
16098.3,3062.5,0,2.91888,2,1
16048.7,3067.93,0,3.14615,2,1
16035.5,3067.48,0,3.2062,2,1
16035.5,3067.48,0,3.2062,2,1
15985.6,3064.25,0,3.2062,2,1
15935.7,3061.02,0,3.2062,2,1
15885.8,3057.79,0,3.2062,2,1
15835.9,3054.57,0,3.2062,2,1
15786,3051.34,0,3.2062,2,1
15736.1,3048.11,0,3.2062,2,1
15686.2,3044.88,0,3.2062,2,1
15636.3,3041.65,0,3.2062,2,1
15586.4,3038.43,0,3.2062,2,1
15575.2,3037.7,0,3.2062,2,1
15575.2,3037.7,0,3.2062,2,1
15526.1,3028.86,0,3.43347,2,1
15499.9,3019.14,0,3.56047,2,1
15499.9,3019.14,0,3.56047,2,1
15362.9,2958.13,0,3.56047,4,1
-12684.6,-9529.42,0,3.56047,1,1
-12958.6,-9651.44,0,3.56047,5,1
-13006.2,-9666.43,0,3.3332,2,1
-13056,-9670.32,0,3.10593,2,1
-13105.3,-9662.9,0,2.87865,2,1
-13151.7,-9644.55,0,2.65138,2,1
-13167.2,-9635.42,0,2.56943,2,1
-13167.2,-9635.42,0,2.56943,2,1
-13209.3,-9608.35,0,2.56943,2,1
-13251.3,-9581.27,0,2.56943,2,1
-13293.4,-9554.2,0,2.56943,2,1
-13328,-9531.87,0,2.56943,2,1
-13328,-9531.87,0,2.56943,2,1
-13366.6,-9500.27,0,2.34216,2,1
-13397.1,-9460.79,0,2.11489,2,1
-13418,-9415.44,0,1.88762,2,1
-13428,-9366.58,0,1.66034,2,1
-13426.8,-9316.7,0,1.43307,2,1
-13414.4,-9268.38,0,1.2058,2,1
-13391.4,-9224.09,0,0.978525,2,1
-13359.1,-9186.12,0,0.751252,2,1
-13319,-9156.42,0,0.52398,2,1
-13298.4,-9145.92,0,0.418879,2,1
-13298.4,-9145.92,0,0.418879,2,1
-13161.4,-9084.91,0,0.418879,4,1
14586.7,3269.3,0,0.418879,1,1
14860.7,3391.32,0,0.418879,5,1
14903.7,3416.65,0,0.646152,2,1
14939.9,3451.02,0,0.873424,2,1
14967.4,3492.65,0,1.1007,2,1
14984.8,3539.41,0,1.32797,2,1
14991.2,3588.88,0,1.55524,2,1
14986.3,3638.54,0,1.78252,2,1
14970.4,3685.81,0,2.00979,2,1
14944.2,3728.28,0,2.23706,2,1
14909.1,3763.75,0,2.46433,2,1
14866.9,3790.4,0,2.69161,2,1
14819.8,3806.87,0,2.91888,2,1
14770.2,3812.3,0,3.14615,2,1
14757,3811.85,0,3.2062,2,1
14757,3811.85,0,3.2062,2,1
14707.1,3808.62,0,3.2062,2,1
14657.2,3805.39,0,3.2062,2,1
14607.3,3802.16,0,3.2062,2,1
14557.5,3798.93,0,3.2062,2,1
14507.6,3795.71,0,3.2062,2,1
14457.7,3792.48,0,3.2062,2,1
14407.8,3789.25,0,3.2062,2,1
14357.9,3786.02,0,3.2062,2,1
14308,3782.79,0,3.2062,2,1
14296.8,3782.07,0,3.2062,2,1
14296.8,3782.07,0,3.2062,2,1
14247.7,3773.22,0,3.43347,2,1
14221.5,3763.51,0,3.56047,2,1
14221.5,3763.51,0,3.56047,2,1
14084.5,3702.5,0,3.56047,4,1
-13330.8,-8503.58,0,3.56047,1,1
-13604.9,-8625.6,0,3.56047,5,1
-13652.5,-8640.59,0,3.3332,2,1
-13702.2,-8644.48,0,3.10593,2,1
-13751.5,-8637.06,0,2.87865,2,1
-13797.9,-8618.71,0,2.65138,2,1
-13839,-8590.38,0,2.42411,2,1
-13872.6,-8553.52,0,2.19684,2,1
-13897.1,-8510.04,0,1.96956,2,1
-13911.1,-8462.16,0,1.74229,2,1
-13914,-8412.35,0,1.51502,2,1
-13905.6,-8363.17,0,1.28774,2,1
-13886.3,-8317.16,0,1.06047,2,1
-13857.2,-8276.67,0,0.833199,2,1
-13819.7,-8243.78,0,0.605926,2,1
-13791.1,-8227.04,0,0.455461,2,1
-13791.1,-8227.04,0,0.455461,2,1
-13746.2,-8205.05,0,0.455461,2,1
-13701.3,-8183.06,0,0.455461,2,1
-13656.4,-8161.06,0,0.455461,2,1
-13611.5,-8139.07,0,0.455461,2,1
-13566.6,-8117.08,0,0.455461,2,1
-13521.7,-8095.08,0,0.455461,2,1
-13476.8,-8073.09,0,0.455461,2,1
-13431.9,-8051.09,0,0.455461,2,1
-13387,-8029.1,0,0.455461,2,1
-13342.1,-8007.11,0,0.455461,2,1
-13297.2,-7985.11,0,0.455461,2,1
-13252.3,-7963.12,0,0.455461,2,1
-13207.4,-7941.13,0,0.455461,2,1
-13162.5,-7919.13,0,0.455461,2,1
-13117.6,-7897.14,0,0.455461,2,1
-13072.7,-7875.14,0,0.455461,2,1
-13027.8,-7853.15,0,0.455461,2,1
-12982.9,-7831.16,0,0.455461,2,1
-12938,-7809.16,0,0.455461,2,1
-12893.1,-7787.17,0,0.455461,2,1
-12848.2,-7765.17,0,0.455461,2,1
-12803.3,-7743.18,0,0.455461,2,1
-12758.4,-7721.19,0,0.455461,2,1
-12713.5,-7699.19,0,0.455461,2,1
-12668.6,-7677.2,0,0.455461,2,1
-12623.7,-7655.21,0,0.455461,2,1
-12578.8,-7633.21,0,0.455461,2,1
-12533.9,-7611.22,0,0.455461,2,1
-12489,-7589.22,0,0.455461,2,1
-12444.1,-7567.23,0,0.455461,2,1
-12399.1,-7545.24,0,0.455461,2,1
-12354.2,-7523.24,0,0.455461,2,1
-12309.3,-7501.25,0,0.455461,2,1
-12264.4,-7479.25,0,0.455461,2,1
-12219.5,-7457.26,0,0.455461,2,1
-12174.6,-7435.27,0,0.455461,2,1
-12129.7,-7413.27,0,0.455461,2,1
-12084.8,-7391.28,0,0.455461,2,1
-12039.9,-7369.29,0,0.455461,2,1
-11995,-7347.29,0,0.455461,2,1
-11950.1,-7325.3,0,0.455461,2,1
-11905.2,-7303.3,0,0.455461,2,1
-11860.3,-7281.31,0,0.455461,2,1
-11815.4,-7259.32,0,0.455461,2,1
-11770.5,-7237.32,0,0.455461,2,1
-11725.6,-7215.33,0,0.455461,2,1
-11680.7,-7193.33,0,0.455461,2,1
-11635.8,-7171.34,0,0.455461,2,1
-11590.9,-7149.35,0,0.455461,2,1
-11546,-7127.35,0,0.455461,2,1
-11501.1,-7105.36,0,0.455461,2,1
-11456.2,-7083.37,0,0.455461,2,1
-11411.3,-7061.37,0,0.455461,2,1
-11366.4,-7039.38,0,0.455461,2,1
-11321.5,-7017.38,0,0.455461,2,1
-11276.6,-6995.39,0,0.455461,2,1
-11231.7,-6973.4,0,0.455461,2,1
-11186.8,-6951.4,0,0.455461,2,1
-11141.9,-6929.41,0,0.455461,2,1
-11097,-6907.41,0,0.455461,2,1
-11052.1,-6885.42,0,0.455461,2,1
-11007.2,-6863.43,0,0.455461,2,1
-10962.3,-6841.43,0,0.455461,2,1
-10917.4,-6819.44,0,0.455461,2,1
-10872.5,-6797.45,0,0.455461,2,1
-10827.5,-6775.45,0,0.455461,2,1
-10782.6,-6753.46,0,0.455461,2,1
-10737.7,-6731.46,0,0.455461,2,1
-10692.8,-6709.47,0,0.455461,2,1
-10647.9,-6687.48,0,0.455461,2,1
-10603,-6665.48,0,0.455461,2,1
-10558.1,-6643.49,0,0.455461,2,1
-10513.2,-6621.5,0,0.455461,2,1
-10468.3,-6599.5,0,0.455461,2,1
-10423.4,-6577.51,0,0.455461,2,1
-10378.5,-6555.51,0,0.455461,2,1
-10333.6,-6533.52,0,0.455461,2,1
-10288.7,-6511.53,0,0.455461,2,1
-10243.8,-6489.53,0,0.455461,2,1
-10198.9,-6467.54,0,0.455461,2,1
-10154,-6445.54,0,0.455461,2,1
-10109.1,-6423.55,0,0.455461,2,1
-10064.2,-6401.56,0,0.455461,2,1
-10019.3,-6379.56,0,0.455461,2,1
-9974.39,-6357.57,0,0.455461,2,1
-9929.49,-6335.58,0,0.455461,2,1
-9884.59,-6313.58,0,0.455461,2,1
-9862.43,-6302.73,0,0.455461,2,1
-9862.43,-6302.73,0,0.455461,2,1
-9855.14,-6299.32,0,0.418879,2,1
-9855.14,-6299.32,0,0.418879,2,1
-9718.1,-6238.31,0,0.418879,4,1
13308.2,4013.67,0,0.418879,1,1
13582.3,4135.69,0,0.418879,5,1
13625.3,4161.02,0,0.646152,2,1
13661.4,4195.39,0,0.873424,2,1
13688.9,4237.02,0,1.1007,2,1
13706.4,4283.77,0,1.32797,2,1
13712.8,4333.25,0,1.55524,2,1
13707.9,4382.9,0,1.78252,2,1
13691.9,4430.18,0,2.00979,2,1
13665.8,4472.64,0,2.23706,2,1
13630.7,4508.12,0,2.46433,2,1
13588.5,4534.77,0,2.69161,2,1
13541.4,4551.24,0,2.91888,2,1
13491.8,4556.67,0,3.14615,2,1
13478.6,4556.21,0,3.2062,2,1
13478.6,4556.21,0,3.2062,2,1
13428.7,4552.99,0,3.2062,2,1
13378.8,4549.76,0,3.2062,2,1
13328.9,4546.53,0,3.2062,2,1
13279,4543.3,0,3.2062,2,1
13229.1,4540.07,0,3.2062,2,1
13179.2,4536.85,0,3.2062,2,1
13129.3,4533.62,0,3.2062,2,1
13079.4,4530.39,0,3.2062,2,1
13029.5,4527.16,0,3.2062,2,1
13018.3,4526.44,0,3.2062,2,1
13018.3,4526.44,0,3.2062,2,1
12969.2,4517.59,0,3.43347,2,1
12943.1,4507.88,0,3.56047,2,1
12943.1,4507.88,0,3.56047,2,1
12806,4446.87,0,3.56047,4,1
-5831.32,-3851.02,0,3.56047,1,1
-6105.39,-3973.04,0,3.56047,5,1
-6152.97,-3988.04,0,3.3332,2,1
-6202.71,-3991.92,0,3.10593,2,1
-6252.05,-3984.5,0,2.87865,2,1
-6298.45,-3966.15,0,2.65138,2,1
-6339.52,-3937.82,0,2.42411,2,1
-6373.15,-3900.97,0,2.19684,2,1
-6397.61,-3857.48,0,1.96956,2,1
-6411.64,-3809.61,0,1.74229,2,1
-6414.53,-3759.8,0,1.51502,2,1
-6406.11,-3710.62,0,1.28774,2,1
-6386.84,-3664.6,0,1.06047,2,1
-6357.69,-3624.11,0,0.833199,2,1
-6320.16,-3591.23,0,0.605926,2,1
-6291.64,-3574.49,0,0.455461,2,1
-6291.64,-3574.49,0,0.455461,2,1
-6246.74,-3552.5,0,0.455461,2,1
-6201.84,-3530.5,0,0.455461,2,1
-6156.93,-3508.51,0,0.455461,2,1
-6112.03,-3486.51,0,0.455461,2,1
-6067.13,-3464.52,0,0.455461,2,1
-6022.22,-3442.53,0,0.455461,2,1
-5977.32,-3420.53,0,0.455461,2,1
-5932.42,-3398.54,0,0.455461,2,1
-5887.52,-3376.55,0,0.455461,2,1
-5842.61,-3354.55,0,0.455461,2,1
-5797.71,-3332.56,0,0.455461,2,1
-5752.81,-3310.56,0,0.455461,2,1
-5707.9,-3288.57,0,0.455461,2,1
-5663,-3266.58,0,0.455461,2,1
-5618.1,-3244.58,0,0.455461,2,1
-5573.2,-3222.59,0,0.455461,2,1
-5528.29,-3200.59,0,0.455461,2,1
-5483.39,-3178.6,0,0.455461,2,1
-5438.49,-3156.61,0,0.455461,2,1
-5393.58,-3134.61,0,0.455461,2,1
-5348.68,-3112.62,0,0.455461,2,1
-5303.78,-3090.63,0,0.455461,2,1
-5258.88,-3068.63,0,0.455461,2,1
-5213.97,-3046.64,0,0.455461,2,1
-5169.07,-3024.64,0,0.455461,2,1
-5124.17,-3002.65,0,0.455461,2,1
-5079.26,-2980.66,0,0.455461,2,1
-5034.36,-2958.66,0,0.455461,2,1
-4989.46,-2936.67,0,0.455461,2,1
-4944.55,-2914.68,0,0.455461,2,1
-4899.65,-2892.68,0,0.455461,2,1
-4854.75,-2870.69,0,0.455461,2,1
-4809.85,-2848.69,0,0.455461,2,1
-4764.94,-2826.7,0,0.455461,2,1
-4720.04,-2804.71,0,0.455461,2,1
-4675.14,-2782.71,0,0.455461,2,1
-4630.23,-2760.72,0,0.455461,2,1
-4585.33,-2738.72,0,0.455461,2,1
-4540.43,-2716.73,0,0.455461,2,1
-4495.53,-2694.74,0,0.455461,2,1
-4450.62,-2672.74,0,0.455461,2,1
-4405.72,-2650.75,0,0.455461,2,1
-4360.82,-2628.76,0,0.455461,2,1
-4315.91,-2606.76,0,0.455461,2,1
-4271.01,-2584.77,0,0.455461,2,1
-4226.11,-2562.77,0,0.455461,2,1
-4181.21,-2540.78,0,0.455461,2,1
-4136.3,-2518.79,0,0.455461,2,1
-4091.4,-2496.79,0,0.455461,2,1
-4046.5,-2474.8,0,0.455461,2,1
-4001.59,-2452.8,0,0.455461,2,1
-3956.69,-2430.81,0,0.455461,2,1
-3911.79,-2408.82,0,0.455461,2,1
-3866.88,-2386.82,0,0.455461,2,1
-3821.98,-2364.83,0,0.455461,2,1
-3777.08,-2342.84,0,0.455461,2,1
-3732.18,-2320.84,0,0.455461,2,1
-3687.27,-2298.85,0,0.455461,2,1
-3642.37,-2276.85,0,0.455461,2,1
-3597.47,-2254.86,0,0.455461,2,1
-3552.56,-2232.87,0,0.455461,2,1
-3507.66,-2210.87,0,0.455461,2,1
-3462.76,-2188.88,0,0.455461,2,1
-3417.86,-2166.88,0,0.455461,2,1
-3372.95,-2144.89,0,0.455461,2,1
-3328.05,-2122.9,0,0.455461,2,1
-3283.15,-2100.9,0,0.455461,2,1
-3238.24,-2078.91,0,0.455461,2,1
-3193.34,-2056.92,0,0.455461,2,1
-3148.44,-2034.92,0,0.455461,2,1
-3103.54,-2012.93,0,0.455461,2,1
-3058.63,-1990.93,0,0.455461,2,1
-3013.73,-1968.94,0,0.455461,2,1
-2968.83,-1946.95,0,0.455461,2,1
-2923.92,-1924.95,0,0.455461,2,1
-2879.02,-1902.96,0,0.455461,2,1
-2834.12,-1880.96,0,0.455461,2,1
-2789.21,-1858.97,0,0.455461,2,1
-2744.31,-1836.98,0,0.455461,2,1
-2699.41,-1814.98,0,0.455461,2,1
-2654.51,-1792.99,0,0.455461,2,1
-2609.6,-1771,0,0.455461,2,1
-2564.7,-1749,0,0.455461,2,1
-2519.8,-1727.01,0,0.455461,2,1
-2474.89,-1705.01,0,0.455461,2,1
-2429.99,-1683.02,0,0.455461,2,1
-2385.09,-1661.03,0,0.455461,2,1
-2362.93,-1650.17,0,0.455461,2,1
-2362.93,-1650.17,0,0.455461,2,1
-2355.64,-1646.77,0,0.418879,2,1
-2355.64,-1646.77,0,0.418879,2,1
-2218.61,-1585.75,0,0.418879,4,1
12029.8,4758.04,0,0.418879,1,1
12303.9,4880.06,0,0.418879,5,1
12346.8,4905.39,0,0.646152,2,1
12383,4939.76,0,0.873424,2,1
12410.5,4981.39,0,1.1007,2,1
12427.9,5028.14,0,1.32797,2,1
12434.3,5077.62,0,1.55524,2,1
12429.5,5127.27,0,1.78252,2,1
12413.5,5174.55,0,2.00979,2,1
12387.3,5217.01,0,2.23706,2,1
12352.2,5252.48,0,2.46433,2,1
12310.1,5279.14,0,2.69161,2,1
12263,5295.61,0,2.91888,2,1
12213.4,5301.04,0,3.14615,2,1
12200.2,5300.58,0,3.2062,2,1
12200.2,5300.58,0,3.2062,2,1
12150.3,5297.35,0,3.2062,2,1
12100.4,5294.13,0,3.2062,2,1
12050.5,5290.9,0,3.2062,2,1
12000.6,5287.67,0,3.2062,2,1
11950.7,5284.44,0,3.2062,2,1
11900.8,5281.21,0,3.2062,2,1
11850.9,5277.99,0,3.2062,2,1
11801,5274.76,0,3.2062,2,1
11751.1,5271.53,0,3.2062,2,1
11739.9,5270.81,0,3.2062,2,1
11739.9,5270.81,0,3.2062,2,1
11690.8,5261.96,0,3.43347,2,1
11664.6,5252.24,0,3.56047,2,1
11664.6,5252.24,0,3.56047,2,1
11527.6,5191.23,0,3.56047,4,1
1142.77,567.609,0,3.56047,1,1
868.707,445.588,0,3.56047,5,1
821.121,430.594,0,3.3332,2,1
771.38,426.708,0,3.10593,2,1
722.043,434.129,0,2.87865,2,1
675.646,452.476,0,2.65138,2,1
634.577,480.806,0,2.42411,2,1
600.947,517.661,0,2.19684,2,1
576.486,561.146,0,1.96956,2,1
562.452,609.024,0,1.74229,2,1
559.567,658.833,0,1.51502,2,1
567.98,708.011,0,1.28774,2,1
587.256,754.029,0,1.06047,2,1
590.08,758.925,0,1.03478,2,1
590.08,758.925,0,1.03478,2,1
615.616,801.912,0,1.03478,2,1
641.152,844.9,0,1.03478,2,1
666.687,887.887,0,1.03478,2,1
692.223,930.875,0,1.03478,2,1
717.759,973.862,0,1.03478,2,1
731.529,997.043,0,1.03478,2,1
731.529,997.043,0,1.03478,2,1
761.709,1036.77,0,0.807509,2,1
800.065,1068.68,0,0.580236,2,1
831.192,1085.67,0,0.418879,2,1
831.192,1085.67,0,0.418879,2,1
968.224,1146.68,0,0.418879,4,1
10751.4,5502.41,0,0.418879,1,1
11025.4,5624.43,0,0.418879,5,1
11068.4,5649.76,0,0.646152,2,1
11104.6,5684.12,0,0.873424,2,1
11132.1,5725.75,0,1.1007,2,1
11149.5,5772.51,0,1.32797,2,1
11155.9,5821.99,0,1.55524,2,1
11151,5871.64,0,1.78252,2,1
11135.1,5918.91,0,2.00979,2,1
11108.9,5961.38,0,2.23706,2,1
11073.8,5996.85,0,2.46433,2,1
11031.6,6023.51,0,2.69161,2,1
10984.5,6039.97,0,2.91888,2,1
10934.9,6045.41,0,3.14615,2,1
10921.7,6044.95,0,3.2062,2,1
10921.7,6044.95,0,3.2062,2,1
10871.8,6041.72,0,3.2062,2,1
10821.9,6038.49,0,3.2062,2,1
10772,6035.27,0,3.2062,2,1
10722.2,6032.04,0,3.2062,2,1
10672.3,6028.81,0,3.2062,2,1
10622.4,6025.58,0,3.2062,2,1
10572.5,6022.35,0,3.2062,2,1
10522.6,6019.13,0,3.2062,2,1
10472.7,6015.9,0,3.2062,2,1
10461.5,6015.17,0,3.2062,2,1
10461.5,6015.17,0,3.2062,2,1
10412.4,6006.33,0,3.43347,2,1
10386.2,5996.61,0,3.56047,2,1
10386.2,5996.61,0,3.56047,2,1
10249.2,5935.6,0,3.56047,4,1
802.703,1729.76,0,3.56047,1,1
528.64,1607.74,0,3.56047,5,1
481.054,1592.75,0,3.3332,2,1
431.313,1588.86,0,3.10593,2,1
381.975,1596.28,0,2.87865,2,1
335.579,1614.63,0,2.65138,2,1
294.51,1642.96,0,2.42411,2,1
285.826,1650.96,0,2.37044,2,1
285.826,1650.96,0,2.37044,2,1
249.97,1685.81,0,2.37044,2,1
214.115,1720.66,0,2.37044,2,1
178.26,1755.5,0,2.37044,2,1
162.237,1771.08,0,2.37044,2,1
162.237,1771.08,0,2.37044,2,1
130.633,1809.68,0,2.14316,2,1
108.54,1854.42,0,1.91589,2,1
97.095,1902.98,0,1.68862,2,1
96.8861,1952.87,0,1.46135,2,1
107.924,2001.53,0,1.23407,2,1
129.642,2046.45,0,1.0068,2,1
160.922,2085.31,0,0.779528,2,1
200.156,2116.14,0,0.552255,2,1
226.088,2129.82,0,0.418879,2,1
226.088,2129.82,0,0.418879,2,1
363.119,2190.83,0,0.418879,4,1
9472.92,6246.78,0,0.418879,1,1
9746.98,6368.8,0,0.418879,5,1
9789.97,6394.13,0,0.646152,2,1
9826.14,6428.49,0,0.873424,2,1
9853.64,6470.12,0,1.1007,2,1
9871.05,6516.88,0,1.32797,2,1
9877.48,6566.35,0,1.55524,2,1
9872.59,6616.01,0,1.78252,2,1
9856.64,6663.28,0,2.00979,2,1
9830.45,6705.75,0,2.23706,2,1
9795.37,6741.22,0,2.46433,2,1
9753.19,6767.88,0,2.69161,2,1
9706.1,6784.34,0,2.91888,2,1
9656.5,6789.77,0,3.14615,2,1
9643.3,6789.32,0,3.2062,2,1
9643.3,6789.32,0,3.2062,2,1
9593.4,6786.09,0,3.2062,2,1
9543.51,6782.86,0,3.2062,2,1
9493.61,6779.63,0,3.2062,2,1
9443.72,6776.41,0,3.2062,2,1
9393.82,6773.18,0,3.2062,2,1
9343.93,6769.95,0,3.2062,2,1
9294.03,6766.72,0,3.2062,2,1
9244.13,6763.49,0,3.2062,2,1
9194.24,6760.27,0,3.2062,2,1
9183.05,6759.54,0,3.2062,2,1
9183.05,6759.54,0,3.2062,2,1
9133.94,6750.7,0,3.43347,2,1
9107.77,6740.98,0,3.56047,2,1
9107.77,6740.98,0,3.56047,2,1
8970.74,6679.97,0,3.56047,4,1
197.599,2773.92,0,3.56047,1,1
-76.4645,2651.9,0,3.56047,5,1
-124.051,2636.9,0,3.3332,2,1
-173.792,2633.02,0,3.10593,2,1
-223.129,2640.44,0,2.87865,2,1
-269.525,2658.79,0,2.65138,2,1
-310.595,2687.12,0,2.42411,2,1
-319.279,2695.11,0,2.37044,2,1
-319.279,2695.11,0,2.37044,2,1
-355.134,2729.96,0,2.37044,2,1
-390.989,2764.81,0,2.37044,2,1
-426.845,2799.66,0,2.37044,2,1
-442.867,2815.23,0,2.37044,2,1
-442.867,2815.23,0,2.37044,2,1
-474.471,2853.84,0,2.14316,2,1
-496.564,2898.57,0,1.91589,2,1
-508.009,2947.13,0,1.68862,2,1
-508.218,2997.02,0,1.46135,2,1
-497.18,3045.68,0,1.23407,2,1
-475.462,3090.6,0,1.0068,2,1
-444.182,3129.47,0,0.779528,2,1
-404.948,3160.29,0,0.552255,2,1
-379.017,3173.97,0,0.418879,2,1
-379.017,3173.97,0,0.418879,2,1
-241.985,3234.98,0,0.418879,4,1
8194.49,6991.14,0,0.418879,1,1
8468.55,7113.16,0,0.418879,5,1
8511.53,7138.5,0,0.646152,2,1
8547.71,7172.86,0,0.873424,2,1
8575.2,7214.49,0,1.1007,2,1
8592.61,7261.25,0,1.32797,2,1
8599.04,7310.72,0,1.55524,2,1
8594.16,7360.38,0,1.78252,2,1
8578.21,7407.65,0,2.00979,2,1
8552.02,7450.12,0,2.23706,2,1
8516.93,7485.59,0,2.46433,2,1
8474.76,7512.24,0,2.69161,2,1
8427.66,7528.71,0,2.91888,2,1
8378.07,7534.14,0,3.14615,2,1
8364.87,7533.69,0,3.2062,2,1
8364.87,7533.69,0,3.2062,2,1
8314.97,7530.46,0,3.2062,2,1
8265.07,7527.23,0,3.2062,2,1
8215.18,7524,0,3.2062,2,1
8165.28,7520.77,0,3.2062,2,1
8115.39,7517.55,0,3.2062,2,1
8065.49,7514.32,0,3.2062,2,1
8015.6,7511.09,0,3.2062,2,1
7965.7,7507.86,0,3.2062,2,1
7915.8,7504.63,0,3.2062,2,1
7904.61,7503.91,0,3.2062,2,1
7904.61,7503.91,0,3.2062,2,1
7855.51,7495.06,0,3.43347,2,1
7829.33,7485.35,0,3.56047,2,1
7829.33,7485.35,0,3.56047,2,1
7692.3,7424.34,0,3.56047,4,1
-407.505,3818.07,0,3.56047,1,1
-681.569,3696.05,0,3.56047,5,1
-729.155,3681.06,0,3.3332,2,1
-778.896,3677.17,0,3.10593,2,1
-828.233,3684.59,0,2.87865,2,1
-874.63,3702.94,0,2.65138,2,1
-915.699,3731.27,0,2.42411,2,1
-924.383,3739.27,0,2.37044,2,1
-924.383,3739.27,0,2.37044,2,1
-960.238,3774.12,0,2.37044,2,1
-996.094,3808.96,0,2.37044,2,1
-1031.95,3843.81,0,2.37044,2,1
-1047.97,3859.38,0,2.37044,2,1
-1047.97,3859.38,0,2.37044,2,1
-1079.58,3897.99,0,2.14316,2,1
-1101.67,3942.72,0,1.91589,2,1
-1113.11,3991.29,0,1.68862,2,1
-1113.32,4041.18,0,1.46135,2,1
-1102.28,4089.83,0,1.23407,2,1
-1080.57,4134.75,0,1.0068,2,1
-1049.29,4173.62,0,0.779528,2,1
-1010.05,4204.44,0,0.552255,2,1
-984.121,4218.13,0,0.418879,2,1
-984.121,4218.13,0,0.418879,2,1
-847.089,4279.14,0,0.418879,4,1
6916.05,7735.51,0,0.418879,1,1
7190.12,7857.53,0,0.418879,5,1
7233.1,7882.86,0,0.646152,2,1
7269.27,7917.23,0,0.873424,2,1
7296.77,7958.86,0,1.1007,2,1
7314.18,8005.61,0,1.32797,2,1
7320.61,8055.09,0,1.55524,2,1
7315.72,8104.74,0,1.78252,2,1
7299.77,8152.02,0,2.00979,2,1
7273.58,8194.48,0,2.23706,2,1
7238.5,8229.96,0,2.46433,2,1
7196.32,8256.61,0,2.69161,2,1
7149.23,8273.08,0,2.91888,2,1
7099.63,8278.51,0,3.14615,2,1
7086.43,8278.05,0,3.2062,2,1
7086.43,8278.05,0,3.2062,2,1
7036.54,8274.83,0,3.2062,2,1
6986.64,8271.6,0,3.2062,2,1
6936.74,8268.37,0,3.2062,2,1
6886.85,8265.14,0,3.2062,2,1
6836.95,8261.91,0,3.2062,2,1
6787.06,8258.69,0,3.2062,2,1
6737.16,8255.46,0,3.2062,2,1
6687.27,8252.23,0,3.2062,2,1
6637.37,8249,0,3.2062,2,1
6626.18,8248.28,0,3.2062,2,1
6626.18,8248.28,0,3.2062,2,1
6577.08,8239.43,0,3.43347,2,1
6550.9,8229.72,0,3.56047,2,1
6550.9,8229.72,0,3.56047,2,1
6413.87,8168.71,0,3.56047,4,1
-1012.61,4862.23,0,3.56047,1,1
-1286.67,4740.2,0,3.56047,5,1
-1334.26,4725.21,0,3.3332,2,1
-1384,4721.32,0,3.10593,2,1
-1433.34,4728.75,0,2.87865,2,1
-1479.73,4747.09,0,2.65138,2,1
-1520.8,4775.42,0,2.42411,2,1
-1554.43,4812.28,0,2.19684,2,1
-1578.89,4855.76,0,1.96956,2,1
-1592.93,4903.64,0,1.74229,2,1
-1595.81,4953.45,0,1.51502,2,1
-1587.4,5002.63,0,1.28774,2,1
-1568.12,5048.65,0,1.06047,2,1
-1538.97,5089.14,0,0.833199,2,1
-1508.85,5116.66,0,0.647477,2,1
-1508.85,5116.66,0,0.647477,2,1
-1468.97,5146.82,0,0.647477,2,1
-1429.09,5176.98,0,0.647477,2,1
-1389.21,5207.13,0,0.647477,2,1
-1349.33,5237.29,0,0.647477,2,1
-1309.45,5267.45,0,0.647477,2,1
-1269.57,5297.61,0,0.647477,2,1
-1229.69,5327.77,0,0.647477,2,1
-1189.81,5357.93,0,0.647477,2,1
-1149.93,5388.09,0,0.647477,2,1
-1110.05,5418.25,0,0.647477,2,1
-1070.17,5448.41,0,0.647477,2,1
-1030.29,5478.56,0,0.647477,2,1
-990.409,5508.72,0,0.647477,2,1
-950.528,5538.88,0,0.647477,2,1
-945.701,5542.53,0,0.647477,2,1
-945.701,5542.53,0,0.647477,2,1
-902.751,5567.92,0,0.420204,2,1
-902.485,5568.04,0,0.418879,2,1
-902.485,5568.04,0,0.418879,2,1
-765.453,5629.05,0,0.418879,4,1
5637.62,8479.88,0,0.418879,1,1
5911.68,8601.9,0,0.418879,5,1
5954.67,8627.23,0,0.646152,2,1
5990.84,8661.6,0,0.873424,2,1
6018.34,8703.23,0,1.1007,2,1
6035.75,8749.98,0,1.32797,2,1
6042.17,8799.46,0,1.55524,2,1
6037.29,8849.11,0,1.78252,2,1
6021.34,8896.39,0,2.00979,2,1
5995.15,8938.85,0,2.23706,2,1
5960.07,8974.33,0,2.46433,2,1
5917.89,9000.98,0,2.69161,2,1
5870.79,9017.45,0,2.91888,2,1
5821.2,9022.88,0,3.14615,2,1
5808,9022.42,0,3.2062,2,1
5808,9022.42,0,3.2062,2,1
5758.1,9019.19,0,3.2062,2,1
5708.21,9015.97,0,3.2062,2,1
5658.31,9012.74,0,3.2062,2,1
5608.41,9009.51,0,3.2062,2,1
5558.52,9006.28,0,3.2062,2,1
5508.62,9003.05,0,3.2062,2,1
5458.73,8999.83,0,3.2062,2,1
5408.83,8996.6,0,3.2062,2,1
5358.94,8993.37,0,3.2062,2,1
5347.74,8992.65,0,3.2062,2,1
5347.74,8992.65,0,3.2062,2,1
5298.64,8983.8,0,3.43347,2,1
5272.47,8974.08,0,3.56047,2,1
5272.47,8974.08,0,3.56047,2,1
5135.43,8913.07,0,3.56047,4,1
446.016,6825.21,0,3.56047,1,1
171.952,6703.19,0,3.56047,5,1
124.366,6688.2,0,3.3332,2,1
74.6249,6684.31,0,3.10593,2,1
25.2875,6691.73,0,2.87865,2,1
-21.109,6710.08,0,2.65138,2,1
-62.1783,6738.41,0,2.42411,2,1
-95.8082,6775.26,0,2.19684,2,1
-120.269,6818.75,0,1.96956,2,1
-134.303,6866.63,0,1.74229,2,1
-137.188,6916.43,0,1.51502,2,1
-128.776,6965.61,0,1.28774,2,1
-109.499,7011.63,0,1.06047,2,1
-80.3492,7052.12,0,0.833199,2,1
-42.8254,7085,0,0.605926,2,1
-22.9813,7097.25,0,0.499884,2,1
-22.9813,7097.25,0,0.499884,2,1
20.9006,7121.22,0,0.499884,2,1
64.7825,7145.18,0,0.499884,2,1
108.664,7169.15,0,0.499884,2,1
152.546,7193.11,0,0.499884,2,1
196.428,7217.08,0,0.499884,2,1
240.31,7241.05,0,0.499884,2,1
284.192,7265.01,0,0.499884,2,1
328.074,7288.98,0,0.499884,2,1
371.956,7312.95,0,0.499884,2,1
415.838,7336.91,0,0.499884,2,1
459.72,7360.88,0,0.499884,2,1
503.602,7384.84,0,0.499884,2,1
547.484,7408.81,0,0.499884,2,1
591.366,7432.78,0,0.499884,2,1
635.247,7456.74,0,0.499884,2,1
679.129,7480.71,0,0.499884,2,1
723.011,7504.68,0,0.499884,2,1
766.893,7528.64,0,0.499884,2,1
810.775,7552.61,0,0.499884,2,1
854.657,7576.57,0,0.499884,2,1
898.539,7600.54,0,0.499884,2,1
942.421,7624.51,0,0.499884,2,1
986.303,7648.47,0,0.499884,2,1
1030.18,7672.44,0,0.499884,2,1
1074.07,7696.4,0,0.499884,2,1
1117.95,7720.37,0,0.499884,2,1
1161.83,7744.34,0,0.499884,2,1
1205.71,7768.3,0,0.499884,2,1
1249.59,7792.27,0,0.499884,2,1
1293.48,7816.24,0,0.499884,2,1
1337.36,7840.2,0,0.499884,2,1
1381.24,7864.17,0,0.499884,2,1
1425.12,7888.13,0,0.499884,2,1
1469,7912.1,0,0.499884,2,1
1512.89,7936.07,0,0.499884,2,1
1556.77,7960.03,0,0.499884,2,1
1600.65,7984,0,0.499884,2,1
1644.53,8007.96,0,0.499884,2,1
1688.41,8031.93,0,0.499884,2,1
1712.42,8045.04,0,0.499884,2,1
1712.42,8045.04,0,0.499884,2,1
1728.39,8052.94,0,0.418879,2,1
1728.39,8052.94,0,0.418879,2,1
1865.42,8113.95,0,0.418879,4,1
4359.19,9224.25,0,0.418879,1,1
4633.25,9346.27,0,0.418879,5,1
4678.99,9360.9,0,0.200136,2,1
4678.99,9360.9,0,0.200136,2,1
4726.45,9376.3,0,0.427408,2,1
4769.22,9401.99,0,0.654681,2,1
4805.09,9436.66,0,0.881954,2,1
4832.24,9478.53,0,1.10923,2,1
4849.25,9525.43,0,1.3365,2,1
4855.25,9574.96,0,1.56377,2,1
4849.94,9624.57,0,1.79104,2,1
4833.59,9671.71,0,2.01832,2,1
4807.04,9713.95,0,2.24559,2,1
4771.66,9749.12,0,2.47286,2,1
4729.25,9775.42,0,2.70014,2,1
4682.02,9791.48,0,2.92741,2,1
4632.38,9796.49,0,3.15468,2,1
4582.89,9790.18,0,3.38195,2,1
4536.09,9772.89,0,3.60923,2,1
4494.39,9745.49,0,3.8365,2,1
4459.94,9709.41,0,4.06377,2,1
4434.5,9666.48,0,4.29104,2,1
4429.71,9654.92,0,4.34793,2,1
4429.71,9654.92,0,4.34793,2,1
4406.75,9610.63,0,4.12066,2,1
4374.41,9572.64,0,3.89339,2,1
4334.33,9542.92,0,3.66611,2,1
4313.64,9532.36,0,3.56047,2,1
4313.64,9532.36,0,3.56047,2,1
4176.61,9471.35,0,3.56047,4,1
2844.79,8878.39,0,3.56047,1,1
2570.73,8756.37,0,3.56047,5,1
2555.79,8749.03,0,3.63611,2,1
2555.79,8749.03,0,3.63611,2,1
2511.79,8725.3,0,3.63611,2,1
2467.78,8701.57,0,3.63611,2,1
2423.77,8677.84,0,3.63611,2,1
2379.76,8654.11,0,3.63611,2,1
2335.75,8630.38,0,3.63611,2,1
2291.74,8606.65,0,3.63611,2,1
2247.73,8582.92,0,3.63611,2,1
2203.72,8559.19,0,3.63611,2,1
2159.71,8535.46,0,3.63611,2,1
2115.7,8511.72,0,3.63611,2,1
2071.69,8487.99,0,3.63611,2,1
2027.68,8464.26,0,3.63611,2,1
1983.67,8440.53,0,3.63611,2,1
1939.66,8416.8,0,3.63611,2,1
1895.65,8393.07,0,3.63611,2,1
1851.64,8369.34,0,3.63611,2,1
1807.63,8345.61,0,3.63611,2,1
1763.62,8321.88,0,3.63611,2,1
1719.61,8298.15,0,3.63611,2,1
1675.6,8274.42,0,3.63611,2,1
1631.59,8250.69,0,3.63611,2,1
1587.58,8226.96,0,3.63611,2,1
1543.57,8203.23,0,3.63611,2,1
1499.56,8179.5,0,3.63611,2,1
1455.55,8155.77,0,3.63611,2,1
1411.54,8132.04,0,3.63611,2,1
1367.53,8108.31,0,3.63611,2,1
1323.52,8084.58,0,3.63611,2,1
1279.51,8060.85,0,3.63611,2,1
1235.5,8037.12,0,3.63611,2,1
1191.49,8013.39,0,3.63611,2,1
1147.48,7989.66,0,3.63611,2,1
1103.47,7965.92,0,3.63611,2,1
1059.46,7942.19,0,3.63611,2,1
1015.45,7918.46,0,3.63611,2,1
971.441,7894.73,0,3.63611,2,1
927.431,7871,0,3.63611,2,1
883.421,7847.27,0,3.63611,2,1
839.411,7823.54,0,3.63611,2,1
795.401,7799.81,0,3.63611,2,1
751.391,7776.08,0,3.63611,2,1
707.382,7752.35,0,3.63611,2,1
692.163,7744.14,0,3.63611,2,1
692.163,7744.14,0,3.63611,2,1
651.216,7715.64,0,3.86338,2,1
617.745,7678.64,0,4.09066,2,1
593.472,7635.05,0,4.31793,2,1
579.644,7587.11,0,4.5452,2,1
576.974,7537.29,0,4.77248,2,1
585.598,7488.15,0,4.99975,2,1
605.073,7442.21,0,5.22702,2,1
634.397,7401.85,0,5.45429,2,1
672.062,7369.13,0,5.68157,2,1
716.131,7345.74,0,5.90884,2,1
764.337,7332.88,0,6.13611,2,1
814.202,7331.21,0,0.0801995,2,1
863.16,7340.82,0,0.307472,2,1
886.059,7349.52,0,0.418879,2,1
886.059,7349.52,0,0.418879,2,1
1023.09,7410.53,0,0.418879,4,1
4678.79,9038.16,0,0.418879,1,1
4952.86,9160.18,0,0.418879,5,1
5000.44,9175.17,0,0.191606,2,1
5028.14,9178.74,0,0.0646048,2,1
5028.14,9178.74,0,0.0646048,2,1
5078.03,9181.97,0,0.0646048,2,1
5127.93,9185.19,0,0.0646048,2,1
5177.82,9188.42,0,0.0646048,2,1
5227.72,9191.65,0,0.0646048,2,1
5277.61,9194.88,0,0.0646048,2,1
5327.51,9198.11,0,0.0646048,2,1
5377.41,9201.33,0,0.0646048,2,1
5427.3,9204.56,0,0.0646048,2,1
5477.2,9207.79,0,0.0646048,2,1
5488.39,9208.51,0,0.0646048,2,1
5488.39,9208.51,0,0.0646048,2,1
5538.22,9206.07,0,6.12052,2,1
5586.22,9192.46,0,5.89324,2,1
5629.92,9168.38,0,5.66597,2,1
5667.07,9135.08,0,5.4387,2,1
5695.76,9094.26,0,5.21143,2,1
5714.52,9048.03,0,4.98415,2,1
5722.37,8998.76,0,4.75688,2,1
5718.93,8948.98,0,4.52961,2,1
5704.35,8901.27,0,4.30234,2,1
5679.4,8858.06,0,4.07506,2,1
5645.36,8821.59,0,3.84779,2,1
5603.97,8793.72,0,3.62052,2,1
5592.07,8787.99,0,3.56047,2,1
5592.07,8787.99,0,3.56047,2,1
5455.04,8726.98,0,3.56047,4,1
-91.2027,6257.63,0,3.56047,1,1
-365.266,6135.61,0,3.56047,5,1
-386.894,6124.51,0,3.67103,2,1
-386.894,6124.51,0,3.67103,2,1
-430.049,6099.26,0,3.67103,2,1
-473.204,6074.01,0,3.67103,2,1
-516.358,6048.76,0,3.67103,2,1
-559.513,6023.51,0,3.67103,2,1
-602.667,5998.25,0,3.67103,2,1
-645.822,5973,0,3.67103,2,1
-688.977,5947.75,0,3.67103,2,1
-732.131,5922.5,0,3.67103,2,1
-775.286,5897.24,0,3.67103,2,1
-818.441,5871.99,0,3.67103,2,1
-861.595,5846.74,0,3.67103,2,1
-904.75,5821.49,0,3.67103,2,1
-947.905,5796.23,0,3.67103,2,1
-991.059,5770.98,0,3.67103,2,1
-1034.21,5745.73,0,3.67103,2,1
-1077.37,5720.48,0,3.67103,2,1
-1120.52,5695.23,0,3.67103,2,1
-1163.68,5669.97,0,3.67103,2,1
-1206.83,5644.72,0,3.67103,2,1
-1249.99,5619.47,0,3.67103,2,1
-1293.14,5594.22,0,3.67103,2,1
-1336.3,5568.96,0,3.67103,2,1
-1379.45,5543.71,0,3.67103,2,1
-1422.61,5518.46,0,3.67103,2,1
-1465.76,5493.21,0,3.67103,2,1
-1508.91,5467.96,0,3.67103,2,1
-1552.07,5442.7,0,3.67103,2,1
-1595.22,5417.45,0,3.67103,2,1
-1638.38,5392.2,0,3.67103,2,1
-1638.54,5392.1,0,3.67103,2,1
-1638.54,5392.1,0,3.67103,2,1
-1678.47,5362.19,0,3.8983,2,1
-1710.63,5324.04,0,4.12557,2,1
-1733.36,5279.63,0,4.35285,2,1
-1745.51,5231.24,0,4.58012,2,1
-1746.44,5181.35,0,4.80739,2,1
-1736.11,5132.54,0,5.03466,2,1
-1715.04,5087.32,0,5.26194,2,1
-1684.32,5048,0,5.48921,2,1
-1645.54,5016.61,0,5.71648,2,1
-1600.68,4994.78,0,5.94375,2,1
-1552.05,4983.61,0,6.17103,2,1
-1502.16,4983.68,0,0.115115,2,1
-1453.57,4994.99,0,0.342387,2,1
-1437.95,5001.24,0,0.418879,2,1
-1437.95,5001.24,0,0.418879,2,1
-1300.92,5062.25,0,0.418879,4,1
5957.23,8293.79,0,0.418879,1,1
6231.29,8415.81,0,0.418879,5,1
6278.88,8430.8,0,0.191606,2,1
6306.57,8434.37,0,0.0646048,2,1
6306.57,8434.37,0,0.0646048,2,1
6356.47,8437.6,0,0.0646048,2,1
6406.36,8440.83,0,0.0646048,2,1
6456.26,8444.05,0,0.0646048,2,1
6506.15,8447.28,0,0.0646048,2,1
6556.05,8450.51,0,0.0646048,2,1
6605.94,8453.74,0,0.0646048,2,1
6655.84,8456.97,0,0.0646048,2,1
6705.74,8460.19,0,0.0646048,2,1
6755.63,8463.42,0,0.0646048,2,1
6766.82,8464.15,0,0.0646048,2,1
6766.82,8464.15,0,0.0646048,2,1
6816.66,8461.7,0,6.12052,2,1
6864.66,8448.09,0,5.89324,2,1
6908.35,8424.01,0,5.66597,2,1
6945.5,8390.71,0,5.4387,2,1
6974.2,8349.89,0,5.21143,2,1
6992.95,8303.66,0,4.98415,2,1
7000.81,8254.39,0,4.75688,2,1
6997.36,8204.62,0,4.52961,2,1
6982.79,8156.9,0,4.30234,2,1
6957.84,8113.69,0,4.07506,2,1
6923.79,8077.22,0,3.84779,2,1
6882.41,8049.36,0,3.62052,2,1
6870.51,8043.62,0,3.56047,2,1
6870.51,8043.62,0,3.56047,2,1
6733.48,7982.61,0,3.56047,4,1
-861.333,4601.19,0,3.56047,1,1
-1135.4,4479.17,0,3.56047,5,1
-1178.38,4453.84,0,3.78774,2,1
-1214.55,4419.47,0,4.01502,2,1
-1242.05,4377.84,0,4.24229,2,1
-1259.46,4331.08,0,4.46956,2,1
-1265.89,4281.61,0,4.69684,2,1
-1261,4231.96,0,4.92411,2,1
-1245.05,4184.68,0,5.15138,2,1
-1218.86,4142.21,0,5.37865,2,1
-1199.25,4120.42,0,5.51203,2,1
-1199.25,4120.42,0,5.51203,2,1
-1163.39,4085.57,0,5.51203,2,1
-1127.54,4050.73,0,5.51203,2,1
-1091.68,4015.88,0,5.51203,2,1
-1075.66,4000.31,0,5.51203,2,1
-1075.66,4000.31,0,5.51203,2,1
-1036.17,3969.81,0,5.7393,2,1
-990.823,3949,0,5.96657,2,1
-941.955,3938.95,0,6.19385,2,1
-892.077,3940.16,0,0.137935,2,1
-843.755,3952.58,0,0.365208,2,1
-832.845,3957.09,0,0.418879,2,1
-832.845,3957.09,0,0.418879,2,1
-695.813,4018.1,0,0.418879,4,1
7235.66,7549.42,0,0.418879,1,1
7509.73,7671.44,0,0.418879,5,1
7557.31,7686.43,0,0.191606,2,1
7585,7690,0,0.0646048,2,1
7585,7690,0,0.0646048,2,1
7634.9,7693.23,0,0.0646048,2,1
7684.8,7696.46,0,0.0646048,2,1
7734.69,7699.69,0,0.0646048,2,1
7784.59,7702.91,0,0.0646048,2,1
7834.48,7706.14,0,0.0646048,2,1
7884.38,7709.37,0,0.0646048,2,1
7934.27,7712.6,0,0.0646048,2,1
7984.17,7715.83,0,0.0646048,2,1
8034.07,7719.05,0,0.0646048,2,1
8045.26,7719.78,0,0.0646048,2,1
8045.26,7719.78,0,0.0646048,2,1
8095.09,7717.33,0,6.12052,2,1
8143.09,7703.72,0,5.89324,2,1
8186.79,7679.65,0,5.66597,2,1
8223.94,7646.34,0,5.4387,2,1
8252.63,7605.52,0,5.21143,2,1
8271.39,7559.29,0,4.98415,2,1
8279.24,7510.02,0,4.75688,2,1
8275.8,7460.25,0,4.52961,2,1
8261.22,7412.53,0,4.30234,2,1
8236.27,7369.33,0,4.07506,2,1
8202.23,7332.85,0,3.84779,2,1
8160.84,7304.99,0,3.62052,2,1
8148.94,7299.26,0,3.56047,2,1
8148.94,7299.26,0,3.56047,2,1
8011.91,7238.25,0,3.56047,4,1
-256.229,3557.03,0,3.56047,1,1
-530.293,3435.01,0,3.56047,5,1
-573.277,3409.68,0,3.78774,2,1
-609.448,3375.32,0,4.01502,2,1
-636.946,3333.69,0,4.24229,2,1
-654.356,3286.93,0,4.46956,2,1
-660.784,3237.45,0,4.69684,2,1
-655.898,3187.8,0,4.92411,2,1
-639.95,3140.53,0,5.15138,2,1
-613.761,3098.06,0,5.37865,2,1
-594.143,3076.27,0,5.51203,2,1
-594.143,3076.27,0,5.51203,2,1
-558.288,3041.42,0,5.51203,2,1
-522.432,3006.57,0,5.51203,2,1
-486.577,2971.72,0,5.51203,2,1
-470.555,2956.15,0,5.51203,2,1
-470.555,2956.15,0,5.51203,2,1
-431.064,2925.66,0,5.7393,2,1
-385.719,2904.85,0,5.96657,2,1
-336.851,2894.79,0,6.19385,2,1
-286.973,2896.01,0,0.137935,2,1
-238.651,2908.42,0,0.365208,2,1
-227.741,2912.94,0,0.418879,2,1
-227.741,2912.94,0,0.418879,2,1
-90.7088,2973.95,0,0.418879,4,1
8514.1,6805.05,0,0.418879,1,1
8788.16,6927.07,0,0.418879,5,1
8835.75,6942.07,0,0.191606,2,1
8863.44,6945.63,0,0.0646048,2,1
8863.44,6945.63,0,0.0646048,2,1
8913.33,6948.86,0,0.0646048,2,1
8963.23,6952.09,0,0.0646048,2,1
9013.13,6955.32,0,0.0646048,2,1
9063.02,6958.55,0,0.0646048,2,1
9112.92,6961.77,0,0.0646048,2,1
9162.81,6965,0,0.0646048,2,1
9212.71,6968.23,0,0.0646048,2,1
9262.6,6971.46,0,0.0646048,2,1
9312.5,6974.69,0,0.0646048,2,1
9323.69,6975.41,0,0.0646048,2,1
9323.69,6975.41,0,0.0646048,2,1
9373.52,6972.96,0,6.12052,2,1
9421.52,6959.35,0,5.89324,2,1
9465.22,6935.28,0,5.66597,2,1
9502.37,6901.97,0,5.4387,2,1
9531.06,6861.16,0,5.21143,2,1
9549.82,6814.92,0,4.98415,2,1
9557.68,6765.65,0,4.75688,2,1
9554.23,6715.88,0,4.52961,2,1
9539.66,6668.16,0,4.30234,2,1
9514.71,6624.96,0,4.07506,2,1
9480.66,6588.48,0,3.84779,2,1
9439.28,6560.62,0,3.62052,2,1
9427.38,6554.89,0,3.56047,2,1
9427.38,6554.89,0,3.56047,2,1
9290.34,6493.88,0,3.56047,4,1
348.875,2512.88,0,3.56047,1,1
74.8116,2390.86,0,3.56047,5,1
31.8276,2365.53,0,3.78774,2,1
-4.34357,2331.16,0,4.01502,2,1
-31.8415,2289.53,0,4.24229,2,1
-49.2521,2242.78,0,4.46956,2,1
-55.6798,2193.3,0,4.69684,2,1
-50.794,2143.65,0,4.92411,2,1
-34.8461,2096.37,0,5.15138,2,1
-8.65628,2053.91,0,5.37865,2,1
10.9614,2032.12,0,5.51203,2,1
10.9614,2032.12,0,5.51203,2,1
46.8167,1997.27,0,5.51203,2,1
82.672,1962.42,0,5.51203,2,1
118.527,1927.57,0,5.51203,2,1
134.549,1912,0,5.51203,2,1
134.549,1912,0,5.51203,2,1
174.04,1881.51,0,5.7393,2,1
219.385,1860.7,0,5.96657,2,1
268.253,1850.64,0,6.19385,2,1
318.131,1851.85,0,0.137935,2,1
366.453,1864.27,0,0.365208,2,1
377.364,1868.78,0,0.418879,2,1
377.364,1868.78,0,0.418879,2,1
514.396,1929.79,0,0.418879,4,1
9792.53,6060.68,0,0.418879,1,1
10066.6,6182.7,0,0.418879,5,1
10114.2,6197.7,0,0.191606,2,1
10141.9,6201.27,0,0.0646048,2,1
10141.9,6201.27,0,0.0646048,2,1
10191.8,6204.49,0,0.0646048,2,1
10241.7,6207.72,0,0.0646048,2,1
10291.6,6210.95,0,0.0646048,2,1
10341.5,6214.18,0,0.0646048,2,1
10391.4,6217.41,0,0.0646048,2,1
10441.2,6220.63,0,0.0646048,2,1
10491.1,6223.86,0,0.0646048,2,1
10541,6227.09,0,0.0646048,2,1
10590.9,6230.32,0,0.0646048,2,1
10602.1,6231.04,0,0.0646048,2,1
10602.1,6231.04,0,0.0646048,2,1
10652,6228.6,0,6.12052,2,1
10700,6214.99,0,5.89324,2,1
10743.7,6190.91,0,5.66597,2,1
10780.8,6157.61,0,5.4387,2,1
10809.5,6116.79,0,5.21143,2,1
10828.3,6070.56,0,4.98415,2,1
10836.1,6021.29,0,4.75688,2,1
10832.7,5971.51,0,4.52961,2,1
10818.1,5923.8,0,4.30234,2,1
10793.1,5880.59,0,4.07506,2,1
10759.1,5844.12,0,3.84779,2,1
10717.7,5816.25,0,3.62052,2,1
10705.8,5810.52,0,3.56047,2,1
10705.8,5810.52,0,3.56047,2,1
10568.8,5749.51,0,3.56047,4,1
953.979,1468.73,0,3.56047,1,1
679.916,1346.7,0,3.56047,5,1
636.932,1321.37,0,3.78774,2,1
600.761,1287.01,0,4.01502,2,1
573.263,1245.38,0,4.24229,2,1
555.852,1198.62,0,4.46956,2,1
549.425,1149.15,0,4.69684,2,1
554.31,1099.49,0,4.92411,2,1
570.258,1052.22,0,5.15138,2,1
577.647,1037.88,0,5.22474,2,1
577.647,1037.88,0,5.22474,2,1
602.158,994.296,0,5.22474,2,1
626.669,950.716,0,5.22474,2,1
651.18,907.136,0,5.22474,2,1
656.427,897.809,0,5.22474,2,1
656.427,897.809,0,5.22474,2,1
685.658,857.376,0,5.45201,2,1
723.249,824.571,0,5.67928,2,1
767.264,801.078,0,5.90655,2,1
815.441,788.107,0,6.13383,2,1
865.302,786.326,0,0.0779148,2,1
914.282,795.824,0,0.305187,2,1
937.66,804.678,0,0.418879,2,1
937.66,804.678,0,0.418879,2,1
1074.69,865.689,0,0.418879,4,1
11071,5316.32,0,0.418879,1,1
11345,5438.34,0,0.418879,5,1
11392.6,5453.33,0,0.191606,2,1
11420.3,5456.9,0,0.0646048,2,1
11420.3,5456.9,0,0.0646048,2,1
11470.2,5460.13,0,0.0646048,2,1
11520.1,5463.35,0,0.0646048,2,1
11570,5466.58,0,0.0646048,2,1
11619.9,5469.81,0,0.0646048,2,1
11669.8,5473.04,0,0.0646048,2,1
11719.7,5476.27,0,0.0646048,2,1
11769.6,5479.49,0,0.0646048,2,1
11819.5,5482.72,0,0.0646048,2,1
11869.4,5485.95,0,0.0646048,2,1
11880.6,5486.67,0,0.0646048,2,1
11880.6,5486.67,0,0.0646048,2,1
11930.4,5484.23,0,6.12052,2,1
11978.4,5470.62,0,5.89324,2,1
12022.1,5446.54,0,5.66597,2,1
12059.2,5413.24,0,5.4387,2,1
12087.9,5372.42,0,5.21143,2,1
12106.7,5326.19,0,4.98415,2,1
12114.5,5276.92,0,4.75688,2,1
12111.1,5227.14,0,4.52961,2,1
12096.5,5179.43,0,4.30234,2,1
12071.6,5136.22,0,4.07506,2,1
12037.5,5099.75,0,3.84779,2,1
11996.1,5071.88,0,3.62052,2,1
11984.2,5066.15,0,3.56047,2,1
11984.2,5066.15,0,3.56047,2,1
11847.2,5005.14,0,3.56047,4,1
-206.7,-361.606,0,3.56047,1,1
-480.764,-483.627,0,3.56047,5,1
-488.055,-487.034,0,3.59705,2,1
-488.055,-487.034,0,3.59705,2,1
-532.958,-509.028,0,3.59705,2,1
-577.861,-531.021,0,3.59705,2,1
-622.763,-553.015,0,3.59705,2,1
-667.666,-575.009,0,3.59705,2,1
-712.569,-597.003,0,3.59705,2,1
-757.472,-618.997,0,3.59705,2,1
-802.375,-640.991,0,3.59705,2,1
-847.278,-662.984,0,3.59705,2,1
-892.181,-684.978,0,3.59705,2,1
-937.084,-706.972,0,3.59705,2,1
-981.987,-728.966,0,3.59705,2,1
-1026.89,-750.96,0,3.59705,2,1
-1071.79,-772.954,0,3.59705,2,1
-1116.7,-794.947,0,3.59705,2,1
-1161.6,-816.941,0,3.59705,2,1
-1206.5,-838.935,0,3.59705,2,1
-1251.4,-860.929,0,3.59705,2,1
-1296.31,-882.923,0,3.59705,2,1
-1341.21,-904.917,0,3.59705,2,1
-1386.11,-926.91,0,3.59705,2,1
-1431.02,-948.904,0,3.59705,2,1
-1475.92,-970.898,0,3.59705,2,1
-1520.82,-992.892,0,3.59705,2,1
-1565.72,-1014.89,0,3.59705,2,1
-1610.63,-1036.88,0,3.59705,2,1
-1655.53,-1058.87,0,3.59705,2,1
-1700.43,-1080.87,0,3.59705,2,1
-1745.34,-1102.86,0,3.59705,2,1
-1790.24,-1124.85,0,3.59705,2,1
-1835.14,-1146.85,0,3.59705,2,1
-1880.04,-1168.84,0,3.59705,2,1
-1924.95,-1190.84,0,3.59705,2,1
-1969.85,-1212.83,0,3.59705,2,1
-2014.75,-1234.82,0,3.59705,2,1
-2059.66,-1256.82,0,3.59705,2,1
-2104.56,-1278.81,0,3.59705,2,1
-2149.46,-1300.81,0,3.59705,2,1
-2194.37,-1322.8,0,3.59705,2,1
-2239.27,-1344.79,0,3.59705,2,1
-2284.17,-1366.79,0,3.59705,2,1
-2329.07,-1388.78,0,3.59705,2,1
-2373.98,-1410.77,0,3.59705,2,1
-2418.88,-1432.77,0,3.59705,2,1
-2463.78,-1454.76,0,3.59705,2,1
-2508.69,-1476.76,0,3.59705,2,1
-2553.59,-1498.75,0,3.59705,2,1
-2598.49,-1520.74,0,3.59705,2,1
-2643.39,-1542.74,0,3.59705,2,1
-2688.3,-1564.73,0,3.59705,2,1
-2733.2,-1586.73,0,3.59705,2,1
-2778.1,-1608.72,0,3.59705,2,1
-2823.01,-1630.71,0,3.59705,2,1
-2867.91,-1652.71,0,3.59705,2,1
-2912.81,-1674.7,0,3.59705,2,1
-2957.71,-1696.69,0,3.59705,2,1
-3002.62,-1718.69,0,3.59705,2,1
-3047.52,-1740.68,0,3.59705,2,1
-3092.42,-1762.68,0,3.59705,2,1
-3137.33,-1784.67,0,3.59705,2,1
-3182.23,-1806.66,0,3.59705,2,1
-3227.13,-1828.66,0,3.59705,2,1
-3272.04,-1850.65,0,3.59705,2,1
-3316.94,-1872.65,0,3.59705,2,1
-3361.84,-1894.64,0,3.59705,2,1
-3406.74,-1916.63,0,3.59705,2,1
-3451.65,-1938.63,0,3.59705,2,1
-3496.55,-1960.62,0,3.59705,2,1
-3541.45,-1982.61,0,3.59705,2,1
-3586.36,-2004.61,0,3.59705,2,1
-3631.26,-2026.6,0,3.59705,2,1
-3676.16,-2048.6,0,3.59705,2,1
-3721.06,-2070.59,0,3.59705,2,1
-3765.97,-2092.58,0,3.59705,2,1
-3810.87,-2114.58,0,3.59705,2,1
-3855.77,-2136.57,0,3.59705,2,1
-3900.68,-2158.57,0,3.59705,2,1
-3945.58,-2180.56,0,3.59705,2,1
-3990.48,-2202.55,0,3.59705,2,1
-4035.38,-2224.55,0,3.59705,2,1
-4080.29,-2246.54,0,3.59705,2,1
-4125.19,-2268.53,0,3.59705,2,1
-4170.09,-2290.53,0,3.59705,2,1
-4215,-2312.52,0,3.59705,2,1
-4259.9,-2334.52,0,3.59705,2,1
-4304.8,-2356.51,0,3.59705,2,1
-4349.71,-2378.5,0,3.59705,2,1
-4394.61,-2400.5,0,3.59705,2,1
-4416.77,-2411.35,0,3.59705,2,1
-4416.77,-2411.35,0,3.59705,2,1
-4458.8,-2438.24,0,3.82433,2,1
-4493.69,-2473.9,0,4.0516,2,1
-4519.64,-2516.51,0,4.27887,2,1
-4535.33,-2563.87,0,4.50614,2,1
-4539.95,-2613.55,0,4.73342,2,1
-4533.25,-2662.99,0,4.96069,2,1
-4515.58,-2709.65,0,5.18796,2,1
-4487.86,-2751.13,0,5.41524,2,1
-4451.5,-2785.3,0,5.64251,2,1
-4408.38,-2810.39,0,5.86978,2,1
-4360.71,-2825.12,0,6.09705,2,1
-4310.95,-2828.74,0,0.0411414,2,1
-4261.65,-2821.05,0,0.268414,2,1
-4230.51,-2809.9,0,0.418879,2,1
-4230.51,-2809.9,0,0.418879,2,1
-4093.48,-2748.89,0,0.418879,4,1
12349.4,4571.95,0,0.418879,1,1
12623.5,4693.97,0,0.418879,5,1
12671,4708.96,0,0.191606,2,1
12698.7,4712.53,0,0.0646048,2,1
12698.7,4712.53,0,0.0646048,2,1
12748.6,4715.76,0,0.0646048,2,1
12798.5,4718.99,0,0.0646048,2,1
12848.4,4722.21,0,0.0646048,2,1
12898.3,4725.44,0,0.0646048,2,1
12948.2,4728.67,0,0.0646048,2,1
12998.1,4731.9,0,0.0646048,2,1
13048,4735.13,0,0.0646048,2,1
13097.9,4738.35,0,0.0646048,2,1
13147.8,4741.58,0,0.0646048,2,1
13159,4742.31,0,0.0646048,2,1
13159,4742.31,0,0.0646048,2,1
13208.8,4739.86,0,6.12052,2,1
13256.8,4726.25,0,5.89324,2,1
13300.5,4702.17,0,5.66597,2,1
13337.7,4668.87,0,5.4387,2,1
13366.4,4628.05,0,5.21143,2,1
13385.1,4581.82,0,4.98415,2,1
13393,4532.55,0,4.75688,2,1
13389.5,4482.78,0,4.52961,2,1
13375,4435.06,0,4.30234,2,1
13350,4391.85,0,4.07506,2,1
13316,4355.38,0,3.84779,2,1
13274.6,4327.52,0,3.62052,2,1
13262.7,4321.78,0,3.56047,2,1
13262.7,4321.78,0,3.56047,2,1
13125.6,4260.77,0,3.56047,4,1
-7706.2,-5014.16,0,3.56047,1,1
-7980.26,-5136.18,0,3.56047,5,1
-7987.55,-5139.59,0,3.59705,2,1
-7987.55,-5139.59,0,3.59705,2,1
-8032.46,-5161.58,0,3.59705,2,1
-8077.36,-5183.58,0,3.59705,2,1
-8122.26,-5205.57,0,3.59705,2,1
-8167.16,-5227.56,0,3.59705,2,1
-8212.07,-5249.56,0,3.59705,2,1
-8256.97,-5271.55,0,3.59705,2,1
-8301.87,-5293.55,0,3.59705,2,1
-8346.78,-5315.54,0,3.59705,2,1
-8391.68,-5337.53,0,3.59705,2,1
-8436.58,-5359.53,0,3.59705,2,1
-8481.48,-5381.52,0,3.59705,2,1
-8526.39,-5403.51,0,3.59705,2,1
-8571.29,-5425.51,0,3.59705,2,1
-8616.19,-5447.5,0,3.59705,2,1
-8661.1,-5469.5,0,3.59705,2,1
-8706,-5491.49,0,3.59705,2,1
-8750.9,-5513.48,0,3.59705,2,1
-8795.8,-5535.48,0,3.59705,2,1
-8840.71,-5557.47,0,3.59705,2,1
-8885.61,-5579.47,0,3.59705,2,1
-8930.51,-5601.46,0,3.59705,2,1
-8975.42,-5623.45,0,3.59705,2,1
-9020.32,-5645.45,0,3.59705,2,1
-9065.22,-5667.44,0,3.59705,2,1
-9110.12,-5689.43,0,3.59705,2,1
-9155.03,-5711.43,0,3.59705,2,1
-9199.93,-5733.42,0,3.59705,2,1
-9244.83,-5755.42,0,3.59705,2,1
-9289.74,-5777.41,0,3.59705,2,1
-9334.64,-5799.4,0,3.59705,2,1
-9379.54,-5821.4,0,3.59705,2,1
-9424.45,-5843.39,0,3.59705,2,1
-9469.35,-5865.39,0,3.59705,2,1
-9514.25,-5887.38,0,3.59705,2,1
-9559.15,-5909.37,0,3.59705,2,1
-9604.06,-5931.37,0,3.59705,2,1
-9648.96,-5953.36,0,3.59705,2,1
-9693.86,-5975.35,0,3.59705,2,1
-9738.77,-5997.35,0,3.59705,2,1
-9783.67,-6019.34,0,3.59705,2,1
-9828.57,-6041.34,0,3.59705,2,1
-9873.47,-6063.33,0,3.59705,2,1
-9918.38,-6085.32,0,3.59705,2,1
-9963.28,-6107.32,0,3.59705,2,1
-10008.2,-6129.31,0,3.59705,2,1
-10053.1,-6151.31,0,3.59705,2,1
-10098,-6173.3,0,3.59705,2,1
-10142.9,-6195.29,0,3.59705,2,1
-10187.8,-6217.29,0,3.59705,2,1
-10232.7,-6239.28,0,3.59705,2,1
-10277.6,-6261.27,0,3.59705,2,1
-10322.5,-6283.27,0,3.59705,2,1
-10367.4,-6305.26,0,3.59705,2,1
-10412.3,-6327.26,0,3.59705,2,1
-10457.2,-6349.25,0,3.59705,2,1
-10502.1,-6371.24,0,3.59705,2,1
-10547,-6393.24,0,3.59705,2,1
-10591.9,-6415.23,0,3.59705,2,1
-10636.8,-6437.22,0,3.59705,2,1
-10681.7,-6459.22,0,3.59705,2,1
-10726.6,-6481.21,0,3.59705,2,1
-10771.5,-6503.21,0,3.59705,2,1
-10816.4,-6525.2,0,3.59705,2,1
-10861.3,-6547.19,0,3.59705,2,1
-10906.2,-6569.19,0,3.59705,2,1
-10951.1,-6591.18,0,3.59705,2,1
-10996,-6613.18,0,3.59705,2,1
-11041,-6635.17,0,3.59705,2,1
-11085.9,-6657.16,0,3.59705,2,1
-11130.8,-6679.16,0,3.59705,2,1
-11175.7,-6701.15,0,3.59705,2,1
-11220.6,-6723.14,0,3.59705,2,1
-11265.5,-6745.14,0,3.59705,2,1
-11310.4,-6767.13,0,3.59705,2,1
-11355.3,-6789.13,0,3.59705,2,1
-11400.2,-6811.12,0,3.59705,2,1
-11445.1,-6833.11,0,3.59705,2,1
-11490,-6855.11,0,3.59705,2,1
-11534.9,-6877.1,0,3.59705,2,1
-11579.8,-6899.1,0,3.59705,2,1
-11624.7,-6921.09,0,3.59705,2,1
-11669.6,-6943.08,0,3.59705,2,1
-11714.5,-6965.08,0,3.59705,2,1
-11759.4,-6987.07,0,3.59705,2,1
-11804.3,-7009.06,0,3.59705,2,1
-11849.2,-7031.06,0,3.59705,2,1
-11894.1,-7053.05,0,3.59705,2,1
-11916.3,-7063.91,0,3.59705,2,1
-11916.3,-7063.91,0,3.59705,2,1
-11958.3,-7090.79,0,3.82433,2,1
-11993.2,-7126.46,0,4.0516,2,1
-12019.1,-7169.06,0,4.27887,2,1
-12034.8,-7216.43,0,4.50614,2,1
-12039.4,-7266.1,0,4.73342,2,1
-12032.7,-7315.55,0,4.96069,2,1
-12015.1,-7362.21,0,5.18796,2,1
-11987.4,-7403.69,0,5.41524,2,1
-11951,-7437.85,0,5.64251,2,1
-11907.9,-7462.95,0,5.86978,2,1
-11860.2,-7477.68,0,6.09705,2,1
-11810.4,-7481.29,0,0.0411414,2,1
-11761.1,-7473.6,0,0.268414,2,1
-11730,-7462.46,0,0.418879,2,1
-11730,-7462.46,0,0.418879,2,1
-11593,-7401.45,0,0.418879,4,1
13627.8,3827.58,0,0.418879,1,1
13901.9,3949.6,0,0.418879,5,1
13949.5,3964.59,0,0.191606,2,1
13977.2,3968.16,0,0.0646048,2,1
13977.2,3968.16,0,0.0646048,2,1
14027.1,3971.39,0,0.0646048,2,1
14077,3974.62,0,0.0646048,2,1
14126.9,3977.85,0,0.0646048,2,1
14176.8,3981.07,0,0.0646048,2,1
14226.7,3984.3,0,0.0646048,2,1
14276.5,3987.53,0,0.0646048,2,1
14326.4,3990.76,0,0.0646048,2,1
14376.3,3993.99,0,0.0646048,2,1
14426.2,3997.21,0,0.0646048,2,1
14437.4,3997.94,0,0.0646048,2,1
14437.4,3997.94,0,0.0646048,2,1
14487.3,3995.49,0,6.12052,2,1
14535.3,3981.88,0,5.89324,2,1
14579,3957.81,0,5.66597,2,1
14616.1,3924.5,0,5.4387,2,1
14644.8,3883.68,0,5.21143,2,1
14663.6,3837.45,0,4.98415,2,1
14671.4,3788.18,0,4.75688,2,1
14668,3738.41,0,4.52961,2,1
14653.4,3690.69,0,4.30234,2,1
14628.4,3647.49,0,4.07506,2,1
14594.4,3611.01,0,3.84779,2,1
14553,3583.15,0,3.62052,2,1
14541.1,3577.42,0,3.56047,2,1
14541.1,3577.42,0,3.56047,2,1
14404.1,3516.41,0,3.56047,4,1
-13194.2,-8771.15,0,3.56047,1,1
-13468.3,-8893.17,0,3.56047,5,1
-13511.3,-8918.5,0,3.78774,2,1
-13547.4,-8952.86,0,4.01502,2,1
-13574.9,-8994.49,0,4.24229,2,1
-13592.3,-9041.25,0,4.46956,2,1
-13598.8,-9090.73,0,4.69684,2,1
-13593.9,-9140.38,0,4.92411,2,1
-13577.9,-9187.65,0,5.15138,2,1
-13551.7,-9230.12,0,5.37865,2,1
-13516.7,-9265.59,0,5.60593,2,1
-13497.9,-9279.11,0,5.71103,2,1
-13497.9,-9279.11,0,5.71103,2,1
-13455.9,-9306.18,0,5.71103,2,1
-13413.8,-9333.25,0,5.71103,2,1
-13371.8,-9360.33,0,5.71103,2,1
-13337.1,-9382.66,0,5.71103,2,1
-13337.1,-9382.66,0,5.71103,2,1
-13292.4,-9404.75,0,5.9383,2,1
-13243.8,-9416.18,0,6.16557,2,1
-13193.9,-9416.38,0,0.10966,2,1
-13145.3,-9405.33,0,0.336932,2,1
-13128.5,-9398.68,0,0.418879,2,1
-13128.5,-9398.68,0,0.418879,2,1
-12991.5,-9337.67,0,0.418879,4,1
14906.3,3083.21,0,0.418879,1,1
15180.3,3205.23,0,0.418879,5,1
15227.9,3220.23,0,0.191606,2,1
15255.6,3223.79,0,0.0646048,2,1
15255.6,3223.79,0,0.0646048,2,1
15305.5,3227.02,0,0.0646048,2,1
15355.4,3230.25,0,0.0646048,2,1
15405.3,3233.48,0,0.0646048,2,1
15455.2,3236.71,0,0.0646048,2,1
15505.1,3239.93,0,0.0646048,2,1
15555,3243.16,0,0.0646048,2,1
15604.9,3246.39,0,0.0646048,2,1
15654.8,3249.62,0,0.0646048,2,1
15704.7,3252.85,0,0.0646048,2,1
15715.9,3253.57,0,0.0646048,2,1
15715.9,3253.57,0,0.0646048,2,1
15765.7,3251.12,0,6.12052,2,1
15813.7,3237.51,0,5.89324,2,1
15857.4,3213.44,0,5.66597,2,1
15894.5,3180.13,0,5.4387,2,1
15923.2,3139.32,0,5.21143,2,1
15942,3093.08,0,4.98415,2,1
15949.8,3043.81,0,4.75688,2,1
15946.4,2994.04,0,4.52961,2,1
15931.8,2946.32,0,4.30234,2,1
15906.9,2903.12,0,4.07506,2,1
15872.8,2866.64,0,3.84779,2,1
15831.4,2838.78,0,3.62052,2,1
15819.5,2833.05,0,3.56047,2,1
15819.5,2833.05,0,3.56047,2,1
15682.5,2772.04,0,3.56047,4,1
-12514.7,-9782.17,0,3.56047,1,1
-12788.8,-9904.19,0,3.56047,5,1
-12831.8,-9929.52,0,3.78774,2,1
-12867.9,-9963.89,0,4.01502,2,1
-12895.4,-10005.5,0,4.24229,2,1
-12912.8,-10052.3,0,4.46956,2,1
-12919.3,-10101.8,0,4.69684,2,1
-12914.4,-10151.4,0,4.92411,2,1
-12898.4,-10198.7,0,5.15138,2,1
-12872.2,-10241.1,0,5.37865,2,1
-12837.1,-10276.6,0,5.60593,2,1
-12818.4,-10290.1,0,5.71103,2,1
-12818.4,-10290.1,0,5.71103,2,1
-12776.4,-10317.2,0,5.71103,2,1
-12734.3,-10344.3,0,5.71103,2,1
-12692.3,-10371.4,0,5.71103,2,1
-12657.6,-10393.7,0,5.71103,2,1
-12657.6,-10393.7,0,5.71103,2,1
-12612.9,-10415.8,0,5.9383,2,1
-12564.3,-10427.2,0,6.16557,2,1
-12514.4,-10427.4,0,0.10966,2,1
-12465.8,-10416.4,0,0.336932,2,1
-12449,-10409.7,0,0.418879,2,1
-12449,-10409.7,0,0.418879,2,1
-12312,-10348.7,0,0.418879,4,1
16184.7,2338.84,0,0.418879,1,1
16458.8,2460.86,0,0.418879,5,1
16506.3,2475.86,0,0.191606,2,1
16534,2479.43,0,0.0646048,2,1
16534,2479.43,0,0.0646048,2,1
16583.9,2482.65,0,0.0646048,2,1
16633.8,2485.88,0,0.0646048,2,1
16683.7,2489.11,0,0.0646048,2,1
16733.6,2492.34,0,0.0646048,2,1
16783.5,2495.57,0,0.0646048,2,1
16833.4,2498.79,0,0.0646048,2,1
16883.3,2502.02,0,0.0646048,2,1
16933.2,2505.25,0,0.0646048,2,1
16983.1,2508.48,0,0.0646048,2,1
16994.3,2509.2,0,0.0646048,2,1
16994.3,2509.2,0,0.0646048,2,1
17044.1,2506.76,0,6.12052,2,1
17092.1,2493.15,0,5.89324,2,1
17135.8,2469.07,0,5.66597,2,1
17173,2435.77,0,5.4387,2,1
17201.7,2394.95,0,5.21143,2,1
17220.4,2348.72,0,4.98415,2,1
17228.3,2299.45,0,4.75688,2,1
17224.8,2249.67,0,4.52961,2,1
17210.3,2201.96,0,4.30234,2,1
17185.3,2158.75,0,4.07506,2,1
17151.3,2122.28,0,3.84779,2,1
17109.9,2094.41,0,3.62052,2,1
17098,2088.68,0,3.56047,2,1
17098,2088.68,0,3.56047,2,1
16960.9,2027.67,0,3.56047,4,1
-11835.2,-10793.2,0,3.56047,1,1
-12109.3,-10915.2,0,3.56047,5,1
-12152.2,-10940.5,0,3.78774,2,1
-12188.4,-10974.9,0,4.01502,2,1
-12215.9,-11016.5,0,4.24229,2,1
-12233.3,-11063.3,0,4.46956,2,1
-12239.7,-11112.8,0,4.69684,2,1
-12234.9,-11162.4,0,4.92411,2,1
-12218.9,-11209.7,0,5.15138,2,1
-12192.7,-11252.2,0,5.37865,2,1
-12157.6,-11287.6,0,5.60593,2,1
-12138.9,-11301.2,0,5.71103,2,1
-12138.9,-11301.2,0,5.71103,2,1
-12096.9,-11328.2,0,5.71103,2,1
-12054.8,-11355.3,0,5.71103,2,1
-12012.8,-11382.4,0,5.71103,2,1
-11978.1,-11404.7,0,5.71103,2,1
-11978.1,-11404.7,0,5.71103,2,1
-11933.4,-11426.8,0,5.9383,2,1
-11884.8,-11438.2,0,6.16557,2,1
-11834.9,-11438.4,0,0.10966,2,1
-11786.3,-11427.4,0,0.336932,2,1
-11769.5,-11420.7,0,0.418879,2,1
-11769.5,-11420.7,0,0.418879,2,1
-11632.5,-11359.7,0,0.418879,4,1
17463.1,1594.48,0,0.418879,1,1
17737.2,1716.5,0,0.418879,5,1
17784.8,1731.49,0,0.191606,2,1
17812.5,1735.06,0,0.0646048,2,1
17812.5,1735.06,0,0.0646048,2,1
17862.4,1738.29,0,0.0646048,2,1
17912.3,1741.51,0,0.0646048,2,1
17962.2,1744.74,0,0.0646048,2,1
18012.1,1747.97,0,0.0646048,2,1
18062,1751.2,0,0.0646048,2,1
18111.8,1754.43,0,0.0646048,2,1
18161.7,1757.65,0,0.0646048,2,1
18211.6,1760.88,0,0.0646048,2,1
18261.5,1764.11,0,0.0646048,2,1
18272.7,1764.83,0,0.0646048,2,1
18272.7,1764.83,0,0.0646048,2,1
18322.6,1762.39,0,6.12052,2,1
18370.6,1748.78,0,5.89324,2,1
18414.3,1724.7,0,5.66597,2,1
18451.4,1691.4,0,5.4387,2,1
18480.1,1650.58,0,5.21143,2,1
18498.9,1604.35,0,4.98415,2,1
18506.7,1555.08,0,4.75688,2,1
18503.3,1505.3,0,4.52961,2,1
18488.7,1457.59,0,4.30234,2,1
18463.7,1414.38,0,4.07506,2,1
18429.7,1377.91,0,3.84779,2,1
18388.3,1350.04,0,3.62052,2,1
18376.4,1344.31,0,3.56047,2,1
18376.4,1344.31,0,3.56047,2,1
18239.4,1283.3,0,3.56047,4,1
-11155.7,-11804.2,0,3.56047,1,1
-11429.7,-11926.2,0,3.56047,5,1
-11472.7,-11951.6,0,3.78774,2,1
-11508.9,-11985.9,0,4.01502,2,1
-11536.4,-12027.6,0,4.24229,2,1
-11553.8,-12074.3,0,4.46956,2,1
-11560.2,-12123.8,0,4.69684,2,1
-11555.3,-12173.5,0,4.92411,2,1
-11539.4,-12220.7,0,5.15138,2,1
-11513.2,-12263.2,0,5.37865,2,1
-11478.1,-12298.7,0,5.60593,2,1
-11459.4,-12312.2,0,5.71103,2,1
-11459.4,-12312.2,0,5.71103,2,1
-11417.3,-12339.3,0,5.71103,2,1
-11375.3,-12366.3,0,5.71103,2,1
-11333.3,-12393.4,0,5.71103,2,1
-11298.6,-12415.7,0,5.71103,2,1
-11298.6,-12415.7,0,5.71103,2,1
-11253.8,-12437.8,0,5.9383,2,1
-11205.3,-12449.3,0,6.16557,2,1
-11155.4,-12449.5,0,0.10966,2,1
-11106.7,-12438.4,0,0.336932,2,1
-11090,-12431.8,0,0.418879,2,1
-11090,-12431.8,0,0.418879,2,1
-10953,-12370.7,0,0.418879,4,1
18741.6,850.107,0,0.418879,1,1
19015.6,972.128,0,0.418879,5,1
19063.2,987.122,0,0.191606,2,1
19090.9,990.689,0,0.0646048,2,1
19090.9,990.689,0,0.0646048,2,1
19140.8,993.917,0,0.0646048,2,1
19190.7,997.145,0,0.0646048,2,1
19240.6,1000.37,0,0.0646048,2,1
19290.5,1003.6,0,0.0646048,2,1
19340.4,1006.83,0,0.0646048,2,1
19390.3,1010.06,0,0.0646048,2,1
19440.2,1013.29,0,0.0646048,2,1
19490.1,1016.51,0,0.0646048,2,1
19540,1019.74,0,0.0646048,2,1
19551.2,1020.47,0,0.0646048,2,1
19551.2,1020.47,0,0.0646048,2,1
19601,1018.02,0,6.12052,2,1
19649,1004.41,0,5.89324,2,1
19692.7,980.333,0,5.66597,2,1
19729.8,947.029,0,5.4387,2,1
19758.5,906.212,0,5.21143,2,1
19777.3,859.979,0,4.98415,2,1
19785.1,810.709,0,4.75688,2,1
19781.7,760.936,0,4.52961,2,1
19767.1,713.219,0,4.30234,2,1
19742.2,670.013,0,4.07506,2,1
19708.1,633.54,0,3.84779,2,1
19666.7,605.676,0,3.62052,2,1
19654.8,599.944,0,3.56047,2,1
19654.8,599.944,0,3.56047,2,1
19517.8,538.934,0,3.56047,4,1
-10476.2,-12815.2,0,3.56047,1,1
-10750.2,-12937.3,0,3.56047,5,1
-10793.2,-12962.6,0,3.78774,2,1
-10829.4,-12997,0,4.01502,2,1
-10856.9,-13038.6,0,4.24229,2,1
-10874.3,-13085.4,0,4.46956,2,1
-10880.7,-13134.8,0,4.69684,2,1
-10875.8,-13184.5,0,4.92411,2,1
-10859.9,-13231.8,0,5.15138,2,1
-10833.7,-13274.2,0,5.37865,2,1
-10798.6,-13309.7,0,5.60593,2,1
-10779.9,-13323.2,0,5.71103,2,1
-10779.9,-13323.2,0,5.71103,2,1
-10737.8,-13350.3,0,5.71103,2,1
-10695.8,-13377.4,0,5.71103,2,1
-10653.8,-13404.4,0,5.71103,2,1
-10619.1,-13426.8,0,5.71103,2,1
-10619.1,-13426.8,0,5.71103,2,1
-10574.3,-13448.8,0,5.9383,2,1
-10525.8,-13460.3,0,6.16557,2,1
-10475.9,-13460.5,0,0.10966,2,1
-10427.2,-13449.4,0,0.336932,2,1
-10410.5,-13442.8,0,0.418879,2,1
-10410.5,-13442.8,0,0.418879,2,1
-10273.4,-13381.8,0,0.418879,4,1
20020,105.739,0,0.418879,1,1
20294.1,227.76,0,0.418879,5,1
20341.7,242.754,0,0.191606,2,1
20369.3,246.321,0,0.0646048,2,1
20369.3,246.321,0,0.0646048,2,1
20419.2,249.549,0,0.0646048,2,1
20469.1,252.777,0,0.0646048,2,1
20519,256.005,0,0.0646048,2,1
20568.9,259.233,0,0.0646048,2,1
20618.8,262.461,0,0.0646048,2,1
20668.7,265.689,0,0.0646048,2,1
20718.6,268.917,0,0.0646048,2,1
20768.5,272.145,0,0.0646048,2,1
20818.4,275.373,0,0.0646048,2,1
20829.6,276.097,0,0.0646048,2,1
20829.6,276.097,0,0.0646048,2,1
20879.4,273.652,0,6.12052,2,1
20927.4,260.041,0,5.89324,2,1
20971.1,235.965,0,5.66597,2,1
21008.3,202.661,0,5.4387,2,1
21037,161.844,0,5.21143,2,1
21055.7,115.611,0,4.98415,2,1
21063.6,66.3409,0,4.75688,2,1
21060.1,16.5677,0,4.52961,2,1
21045.6,-31.1489,0,4.30234,2,1
21020.6,-74.3548,0,4.07506,2,1
20986.6,-110.828,0,3.84779,2,1
20945.2,-138.692,0,3.62052,2,1
20933.3,-144.424,0,3.56047,2,1
20933.3,-144.424,0,3.56047,2,1
20796.2,-205.435,0,3.56047,4,1
-9796.66,-13826.3,0,3.56047,1,1
-10070.7,-13948.3,0,3.56047,5,1
-10113.7,-13973.6,0,3.78774,2,1
-10149.9,-14008,0,4.01502,2,1
-10177.4,-14049.6,0,4.24229,2,1
-10194.8,-14096.4,0,4.46956,2,1
-10201.2,-14145.9,0,4.69684,2,1
-10196.3,-14195.5,0,4.92411,2,1
-10180.4,-14242.8,0,5.15138,2,1
-10154.2,-14285.2,0,5.37865,2,1
-10119.1,-14320.7,0,5.60593,2,1
-10076.9,-14347.4,0,5.8332,2,1
-10029.8,-14363.8,0,6.06047,2,1
-9980.24,-14369.3,0,0.00455909,2,1
-9972.35,-14369.1,0,0.0404022,2,1
-9972.35,-14369.1,0,0.0404022,2,1
-9922.39,-14367.1,0,0.0404022,2,1
-9872.43,-14365.1,0,0.0404022,2,1
-9854.08,-14364.3,0,0.0404022,2,1
-9854.08,-14364.3,0,0.0404022,2,1
-9804.77,-14356.7,0,0.267675,2,1
-9776.42,-14346.8,0,0.404282,2,1
-9776.42,-14346.8,0,0.404282,2,1
-9638.52,-14287.8,0,0.404282,4,1
21468.1,-978.779,0,0.404282,1,1
21743.9,-860.772,0,0.404282,5,1
21772.5,-845.949,0,0.550981,2,1
21772.5,-845.949,0,0.550981,2,1
21815.1,-819.773,0,0.550981,2,1
21857.7,-793.597,0,0.550981,2,1
21900.3,-767.421,0,0.550981,2,1
21943,-741.245,0,0.550981,2,1
21985.6,-715.069,0,0.550981,2,1
22028.2,-688.893,0,0.550981,2,1
22029.6,-688.011,0,0.550981,2,1
22029.6,-688.011,0,0.550981,2,1
22068.9,-657.239,0,0.778253,2,1
22100.2,-618.41,0,1.00553,2,1
22122,-573.52,0,1.2328,2,1
22133.1,-524.878,0,1.46007,2,1
22134,-514.088,0,1.5093,2,1
22131.4,-464.263,0,1.73658,2,1
22117.6,-416.306,0,1.96385,2,1
22093.4,-372.682,0,2.19112,2,1
22060,-335.636,0,2.4184,2,1
22051.7,-328.671,0,2.46763,2,1
22051.7,-328.671,0,2.46763,2,1
22012.6,-297.466,0,2.46763,2,1
21973.6,-266.262,0,2.46763,2,1
21934.5,-235.057,0,2.46763,2,1
21895.4,-203.853,0,2.46763,2,1
21856.4,-172.649,0,2.46763,2,1
21817.3,-141.444,0,2.46763,2,1
21816,-140.393,0,2.46763,2,1
21816,-140.393,0,2.46763,2,1
21789.4,-122.17,0,2.61433,2,1
21789.4,-122.17,0,2.61433,2,1
21659.8,-46.6944,0,2.61433,4,1
4437.75,9980.82,0,2.61433,1,1
4178.5,10131.8,0,2.61433,5,1
4132.81,10151.8,0,2.8416,2,1
4126.26,10153.7,0,2.87261,2,1
4126.26,10153.7,0,2.87261,2,1
4078.06,10167,0,2.87261,2,1
4029.86,10180.3,0,2.87261,2,1
3981.66,10193.6,0,2.87261,2,1
3933.46,10206.9,0,2.87261,2,1
3885.25,10220.2,0,2.87261,2,1
3875.87,10222.8,0,2.87261,2,1
3875.87,10222.8,0,2.87261,2,1
3826.58,10230.5,0,3.09989,2,1
3798.89,10229.9,0,3.22585,2,1
3749.97,10220.1,0,3.45312,2,1
3724.2,10210,0,3.57908,2,1
3724.2,10210,0,3.57908,2,1
3678.91,10188.8,0,3.57908,2,1
3633.62,10167.6,0,3.57908,2,1
3588.33,10146.4,0,3.57908,2,1
3543.04,10125.2,0,3.57908,2,1
3497.75,10104,0,3.57908,2,1
3488.93,10099.9,0,3.57908,2,1
3488.93,10099.9,0,3.57908,2,1
3446.43,10073.8,0,3.80635,2,1
3441.12,10069.5,0,3.83736,2,1
3441.12,10069.5,0,3.83736,2,1
3325.99,9973.35,0,3.83736,4,1
373.52,7507.78,0,3.83736,1,1
340.269,7479.18,0,3.86661,3,1
340.269,7479.18,0,3.86661,3,1
302.844,7446.02,0,3.86661,3,1
265.42,7412.86,0,3.86661,3,1
227.995,7379.71,0,3.86661,3,1
190.571,7346.55,0,3.86661,3,1
153.146,7313.39,0,3.86661,3,1
128.934,7291.94,0,3.86661,3,1
128.934,7291.94,0,3.86661,3,1
96.4612,7262.31,0,3.89591,3,1
64.8711,7231.74,0,3.92522,3,1
64.8711,7231.74,0,3.92522,3,1
29.4532,7196.45,0,3.92522,3,1
-5.96467,7161.15,0,3.92522,3,1
-41.3825,7125.86,0,3.92522,3,1
-76.8004,7090.57,0,3.92522,3,1
-112.218,7055.28,0,3.92522,3,1
-135.133,7032.44,0,3.92522,3,1
-135.133,7032.44,0,3.92522,3,1
-165.746,7001.03,0,3.95446,3,1
-1472.53,5620.41,0,3.95446,1,1
-1678.75,5402.53,0,3.95446,5,1
-1708.72,5362.64,0,4.18173,2,1
-1712.71,5355.54,0,4.21875,2,1
-1712.71,5355.54,0,4.21875,2,1
-1736.4,5311.51,0,4.21875,2,1
-1760.09,5267.48,0,4.21875,2,1
-1783.79,5223.45,0,4.21875,2,1
-1807.48,5179.42,0,4.21875,2,1
-1831.17,5135.39,0,4.21875,2,1
-1834.19,5129.78,0,4.21875,2,1
-1834.19,5129.78,0,4.21875,2,1
-1852.7,5083.44,0,4.44602,2,1
-1858.97,5051.07,0,4.59604,2,1
-1859.1,5001.18,0,4.82331,2,1
-1853.01,4968.77,0,4.97333,2,1
-1853.01,4968.77,0,4.97333,2,1
-1840.11,4920.47,0,4.97333,2,1
-1827.21,4872.16,0,4.97333,2,1
-1814.31,4823.85,0,4.97333,2,1
-1801.41,4775.54,0,4.97333,2,1
-1788.51,4727.24,0,4.97333,2,1
-1786.87,4721.08,0,4.97333,2,1
-1786.87,4721.08,0,4.97333,2,1
-1768.61,4674.65,0,5.2006,2,1
-1764.66,4667.53,0,5.23761,2,1
-1764.66,4667.53,0,5.23761,2,1
-1689.45,4537.75,0,5.23761,4,1
135.954,1387.87,0,5.23761,1,1
286.376,1128.31,0,5.23761,5,1
310.879,1094.06,0,5.42931,2,1
310.879,1094.06,0,5.42931,2,1
343.732,1056.37,0,5.42931,2,1
376.586,1018.68,0,5.42931,2,1
409.439,980.99,0,5.42931,2,1
442.292,943.298,0,5.42931,2,1
475.145,905.606,0,5.42931,2,1
497.307,880.18,0,5.42931,2,1
497.307,880.18,0,5.42931,2,1
525.614,839.095,0,5.20203,2,1
543.935,792.688,0,4.97476,2,1
551.328,743.346,0,4.74749,2,1
547.414,693.608,0,4.52022,2,1
544.886,682.231,0,4.46724,2,1
527.367,635.516,0,4.23996,2,1
499.772,593.949,0,4.01269,2,1
463.521,559.669,0,3.78542,2,1
420.478,534.439,0,3.55815,2,1
409.7,530.007,0,3.50517,2,1
409.7,530.007,0,3.50517,2,1
362.968,512.226,0,3.50517,2,1
316.237,494.445,0,3.50517,2,1
269.505,476.664,0,3.50517,2,1
222.774,458.883,0,3.50517,2,1
176.042,441.102,0,3.50517,2,1
144.518,429.108,0,3.50517,2,1
144.518,429.108,0,3.50517,2,1
106.776,410.436,0,3.69686,2,1
106.776,410.436,0,3.69686,2,1
-20.6879,331.359,0,3.69686,4,1
-13561.3,-8069,0,3.69686,1,1
-13816.2,-8227.16,0,3.69686,5,1
-13855.4,-8258.1,0,3.92414,2,1
-13862.1,-8265.12,0,3.96846,2,1
-13862.1,-8265.12,0,3.96846,2,1
-13896,-8301.91,0,3.96846,2,1
-13929.9,-8338.71,0,3.96846,2,1
-13963.7,-8375.5,0,3.96846,2,1
-13997.6,-8412.29,0,3.96846,2,1
-14028.4,-8445.82,0,3.96846,2,1
-14028.4,-8445.82,0,3.96846,2,1
-14057.8,-8486.12,0,4.19574,2,1
-14077.4,-8532.02,0,4.42301,2,1
-14081.6,-8548.53,0,4.5005,2,1
-14086.5,-8598.18,0,4.72778,2,1
-14080.1,-8647.66,0,4.95505,2,1
-14075.4,-8664.03,0,5.03255,2,1
-14075.4,-8664.03,0,5.03255,2,1
-14059.6,-8711.49,0,5.03255,2,1
-14043.9,-8758.95,0,5.03255,2,1
-14028.2,-8806.41,0,5.03255,2,1
-14012.4,-8853.87,0,5.03255,2,1
-13998.1,-8897.13,0,5.03255,2,1
-13998.1,-8897.13,0,5.03255,2,1
-13977.1,-8942.4,0,5.25982,2,1
-13971.9,-8950.61,0,5.30414,2,1
-13971.9,-8950.61,0,5.30414,2,1
-13888.2,-9075.1,0,5.30414,4,1
-10653.4,-13888,0,5.30414,1,1
-10486.1,-14137,0,5.30414,5,1
-10453.7,-14175,0,5.53142,2,1
-10413.7,-14204.7,0,5.75869,2,1
-10413.4,-14204.8,0,5.75982,2,1
-10413.4,-14204.8,0,5.75982,2,1
-10370.1,-14229.8,0,5.75982,2,1
-10326.8,-14254.8,0,5.75982,2,1
-10300.1,-14270.2,0,5.75982,2,1
-10300.1,-14270.2,0,5.75982,2,1
-10254.4,-14290.1,0,5.98709,2,1
-10205.3,-14299.2,0,6.21436,2,1
-10155.5,-14296.9,0,0.15845,2,1
-10147.1,-14295.4,0,0.197143,2,1
-10099.6,-14280.2,0,0.424416,2,1
-10059.4,-14256.6,0,0.636454,2,1
-10059.4,-14256.6,0,0.636454,2,1
-10019.2,-14226.9,0,0.636454,2,1
-9978.99,-14197.2,0,0.636454,2,1
-9938.78,-14167.5,0,0.636454,2,1
-9898.57,-14137.7,0,0.636454,2,1
-9858.36,-14108,0,0.636454,2,1
-9818.14,-14078.3,0,0.636454,2,1
-9777.93,-14048.6,0,0.636454,2,1
-9737.72,-14018.9,0,0.636454,2,1
-9710.24,-13998.6,0,0.636454,2,1
-9710.24,-13998.6,0,0.636454,2,1
-9667.01,-13973.6,0,0.409181,2,1
-9666.02,-13973.2,0,0.404282,2,1
-9666.02,-13973.2,0,0.404282,2,1
-9528.11,-13914.2,0,0.404282,4,1
20801.4,-937.73,0,0.404282,1,1
21077.2,-819.722,0,0.404282,5,1
21105.8,-804.9,0,0.550981,2,1
21105.8,-804.9,0,0.550981,2,1
21148.4,-778.724,0,0.550981,2,1
21191,-752.548,0,0.550981,2,1
21233.6,-726.372,0,0.550981,2,1
21276.2,-700.195,0,0.550981,2,1
21318.8,-674.019,0,0.550981,2,1
21361.4,-647.843,0,0.550981,2,1
21362.9,-646.962,0,0.550981,2,1
21362.9,-646.962,0,0.550981,2,1
21402.1,-616.19,0,0.778253,2,1
21433.5,-577.361,0,1.00553,2,1
21455.2,-532.471,0,1.2328,2,1
21466.3,-483.829,0,1.46007,2,1
21467.3,-473.039,0,1.5093,2,1
21464.7,-423.214,0,1.73658,2,1
21450.9,-375.257,0,1.96385,2,1
21426.7,-331.633,0,2.19112,2,1
21393.3,-294.586,0,2.4184,2,1
21385,-287.621,0,2.46763,2,1
21385,-287.621,0,2.46763,2,1
21345.9,-256.417,0,2.46763,2,1
21306.9,-225.212,0,2.46763,2,1
21267.8,-194.008,0,2.46763,2,1
21228.7,-162.804,0,2.46763,2,1
21189.7,-131.599,0,2.46763,2,1
21150.6,-100.395,0,2.46763,2,1
21149.3,-99.3439,0,2.46763,2,1
21149.3,-99.3439,0,2.46763,2,1
21122.7,-81.1208,0,2.61433,2,1
21122.7,-81.1208,0,2.61433,2,1
20993,-5.645,0,2.61433,4,1
4468.59,9615.72,0,2.61433,1,1
4209.33,9766.67,0,2.61433,5,1
4163.65,9786.72,0,2.8416,2,1
4157.1,9788.64,0,2.87261,2,1
4157.1,9788.64,0,2.87261,2,1
4108.9,9801.92,0,2.87261,2,1
4060.69,9815.21,0,2.87261,2,1
4012.49,9828.5,0,2.87261,2,1
3964.29,9841.79,0,2.87261,2,1
3916.09,9855.07,0,2.87261,2,1
3906.71,9857.66,0,2.87261,2,1
3906.71,9857.66,0,2.87261,2,1
3857.41,9865.38,0,3.09989,2,1
3829.73,9864.79,0,3.22585,2,1
3780.81,9854.98,0,3.45312,2,1
3755.03,9844.85,0,3.57908,2,1
3755.03,9844.85,0,3.57908,2,1
3709.74,9823.67,0,3.57908,2,1
3664.45,9802.48,0,3.57908,2,1
3619.16,9781.3,0,3.57908,2,1
3573.87,9760.12,0,3.57908,2,1
3528.58,9738.94,0,3.57908,2,1
3519.77,9734.81,0,3.57908,2,1
3519.77,9734.81,0,3.57908,2,1
3477.26,9708.69,0,3.80635,2,1
3471.96,9704.4,0,3.83736,2,1
3471.96,9704.4,0,3.83736,2,1
3356.82,9608.25,0,3.83736,4,1
579.31,7288.78,0,3.83736,1,1
546.06,7260.18,0,3.86661,3,1
546.06,7260.18,0,3.86661,3,1
508.635,7227.02,0,3.86661,3,1
471.211,7193.87,0,3.86661,3,1
433.786,7160.71,0,3.86661,3,1
396.361,7127.55,0,3.86661,3,1
358.937,7094.4,0,3.86661,3,1
334.724,7072.94,0,3.86661,3,1
334.724,7072.94,0,3.86661,3,1
302.252,7043.31,0,3.89591,3,1
270.662,7012.74,0,3.92522,3,1
270.662,7012.74,0,3.92522,3,1
235.244,6977.45,0,3.92522,3,1
199.826,6942.16,0,3.92522,3,1
164.408,6906.87,0,3.92522,3,1
128.99,6871.57,0,3.92522,3,1
93.5725,6836.28,0,3.92522,3,1
70.6581,6813.45,0,3.92522,3,1
70.6581,6813.45,0,3.92522,3,1
40.0452,6782.04,0,3.95446,3,1
-1100.6,5576.93,0,3.95446,1,1
-1306.83,5359.06,0,3.95446,5,1
-1336.79,5319.17,0,4.18173,2,1
-1340.78,5312.07,0,4.21875,2,1
-1340.78,5312.07,0,4.21875,2,1
-1364.47,5268.04,0,4.21875,2,1
-1388.17,5224.01,0,4.21875,2,1
-1411.86,5179.98,0,4.21875,2,1
-1435.55,5135.95,0,4.21875,2,1
-1459.24,5091.92,0,4.21875,2,1
-1462.26,5086.3,0,4.21875,2,1
-1462.26,5086.3,0,4.21875,2,1
-1480.77,5039.97,0,4.44602,2,1
-1487.04,5007.6,0,4.59604,2,1
-1487.17,4957.71,0,4.82331,2,1
-1481.08,4925.3,0,4.97333,2,1
-1481.08,4925.3,0,4.97333,2,1
-1468.18,4877,0,4.97333,2,1
-1455.28,4828.69,0,4.97333,2,1
-1442.38,4780.38,0,4.97333,2,1
-1429.48,4732.07,0,4.97333,2,1
-1416.58,4683.77,0,4.97333,2,1
-1414.94,4677.61,0,4.97333,2,1
-1414.94,4677.61,0,4.97333,2,1
-1396.68,4631.18,0,5.2006,2,1
-1392.73,4624.06,0,5.23761,2,1
-1392.73,4624.06,0,5.23761,2,1
-1317.52,4494.28,0,5.23761,4,1
541.486,1286.42,0,5.23761,1,1
691.908,1026.85,0,5.23761,5,1
711.868,981.127,0,5.01034,2,1
721.012,932.079,0,4.78307,2,1
718.869,882.233,0,4.55579,2,1
714.983,863.149,0,4.46724,2,1
714.983,863.149,0,4.46724,2,1
702.848,814.644,0,4.46724,2,1
690.713,766.139,0,4.46724,2,1
678.578,717.634,0,4.46724,2,1
666.442,669.129,0,4.46724,2,1
654.307,620.624,0,4.46724,2,1
642.172,572.119,0,4.46724,2,1
630.037,523.614,0,4.46724,2,1
617.902,475.109,0,4.46724,2,1
609.751,442.53,0,4.46724,2,1
609.751,442.53,0,4.46724,2,1
592.232,395.815,0,4.23996,2,1
564.637,354.248,0,4.01269,2,1
528.386,319.968,0,3.78542,2,1
512.307,308.978,0,3.69686,2,1
512.307,308.978,0,3.69686,2,1
384.844,229.902,0,3.69686,4,1
-13138.8,-8159.9,0,3.69686,1,1
-13393.7,-8318.05,0,3.69686,5,1
-13432.8,-8348.99,0,3.92414,2,1
-13439.6,-8356.02,0,3.96846,2,1
-13439.6,-8356.02,0,3.96846,2,1
-13473.4,-8392.81,0,3.96846,2,1
-13507.3,-8429.6,0,3.96846,2,1
-13541.2,-8466.39,0,3.96846,2,1
-13575,-8503.18,0,3.96846,2,1
-13605.9,-8536.71,0,3.96846,2,1
-13605.9,-8536.71,0,3.96846,2,1
-13635.3,-8577.02,0,4.19574,2,1
-13654.9,-8622.92,0,4.42301,2,1
-13659.1,-8639.43,0,4.5005,2,1
-13664,-8689.08,0,4.72778,2,1
-13657.6,-8738.56,0,4.95505,2,1
-13652.8,-8754.93,0,5.03255,2,1
-13652.8,-8754.93,0,5.03255,2,1
-13637.1,-8802.39,0,5.03255,2,1
-13621.4,-8849.85,0,5.03255,2,1
-13605.6,-8897.31,0,5.03255,2,1
-13589.9,-8944.77,0,5.03255,2,1
-13575.5,-8988.02,0,5.03255,2,1
-13575.5,-8988.02,0,5.03255,2,1
-13554.6,-9033.29,0,5.25982,2,1
-13549.3,-9041.5,0,5.30414,2,1
-13549.3,-9041.5,0,5.30414,2,1
-13465.6,-9166,0,5.30414,4,1
-10543,-13514.5,0,5.30414,1,1
-10375.7,-13763.5,0,5.30414,5,1
-10343.3,-13801.5,0,5.53142,2,1
-10303.3,-13831.2,0,5.75869,2,1
-10303,-13831.3,0,5.75982,2,1
-10303,-13831.3,0,5.75982,2,1
-10259.7,-13856.3,0,5.75982,2,1
-10216.4,-13881.3,0,5.75982,2,1
-10189.7,-13896.7,0,5.75982,2,1
-10189.7,-13896.7,0,5.75982,2,1
-10144,-13916.6,0,5.98709,2,1
-10094.9,-13925.6,0,6.21436,2,1
-10045,-13923.4,0,0.15845,2,1
-10036.7,-13921.9,0,0.197143,2,1
-9989.17,-13906.6,0,0.424416,2,1
-9949,-13883.1,0,0.636454,2,1
-9949,-13883.1,0,0.636454,2,1
-9908.79,-13853.4,0,0.636454,2,1
-9868.58,-13823.6,0,0.636454,2,1
-9828.37,-13793.9,0,0.636454,2,1
-9788.16,-13764.2,0,0.636454,2,1
-9747.95,-13734.5,0,0.636454,2,1
-9707.74,-13704.8,0,0.636454,2,1
-9667.53,-13675,0,0.636454,2,1
-9627.32,-13645.3,0,0.636454,2,1
-9599.83,-13625,0,0.636454,2,1
-9599.83,-13625,0,0.636454,2,1
-9556.6,-13600.1,0,0.409181,2,1
-9555.61,-13599.7,0,0.404282,2,1
-9555.61,-13599.7,0,0.404282,2,1
-9417.71,-13540.7,0,0.404282,4,1
20134.7,-896.681,0,0.404282,1,1
20410.5,-778.673,0,0.404282,5,1
20439.1,-763.851,0,0.550981,2,1
20439.1,-763.851,0,0.550981,2,1
20481.7,-737.675,0,0.550981,2,1
20524.3,-711.498,0,0.550981,2,1
20566.9,-685.322,0,0.550981,2,1
20609.5,-659.146,0,0.550981,2,1
20652.1,-632.97,0,0.550981,2,1
20694.7,-606.794,0,0.550981,2,1
20696.1,-605.912,0,0.550981,2,1
20696.1,-605.912,0,0.550981,2,1
20735.4,-575.141,0,0.778253,2,1
20766.8,-536.311,0,1.00553,2,1
20788.5,-491.421,0,1.2328,2,1
20799.6,-442.779,0,1.46007,2,1
20800.6,-431.989,0,1.5093,2,1
20798,-382.165,0,1.73658,2,1
20784.2,-334.207,0,1.96385,2,1
20760,-290.584,0,2.19112,2,1
20726.6,-253.537,0,2.4184,2,1
20718.3,-246.572,0,2.46763,2,1
20718.3,-246.572,0,2.46763,2,1
20679.2,-215.367,0,2.46763,2,1
20640.1,-184.163,0,2.46763,2,1
20601.1,-152.959,0,2.46763,2,1
20562,-121.754,0,2.46763,2,1
20522.9,-90.5498,0,2.46763,2,1
20483.9,-59.3454,0,2.46763,2,1
20482.6,-58.2946,0,2.46763,2,1
20482.6,-58.2946,0,2.46763,2,1
20455.9,-40.0715,0,2.61433,2,1
20455.9,-40.0715,0,2.61433,2,1
20326.3,35.4044,0,2.61433,4,1
4499.42,9250.62,0,2.61433,1,1
4240.16,9401.57,0,2.61433,5,1
4194.48,9421.62,0,2.8416,2,1
4187.93,9423.54,0,2.87261,2,1
4187.93,9423.54,0,2.87261,2,1
4139.73,9436.82,0,2.87261,2,1
4091.53,9450.11,0,2.87261,2,1
4043.33,9463.4,0,2.87261,2,1
3995.12,9476.69,0,2.87261,2,1
3946.92,9489.97,0,2.87261,2,1
3937.54,9492.56,0,2.87261,2,1
3937.54,9492.56,0,2.87261,2,1
3888.25,9500.28,0,3.09989,2,1
3860.56,9499.69,0,3.22585,2,1
3811.64,9489.88,0,3.45312,2,1
3785.87,9479.75,0,3.57908,2,1
3785.87,9479.75,0,3.57908,2,1
3740.58,9458.57,0,3.57908,2,1
3695.29,9437.38,0,3.57908,2,1
3650,9416.2,0,3.57908,2,1
3604.7,9395.02,0,3.57908,2,1
3559.41,9373.83,0,3.57908,2,1
3550.6,9369.71,0,3.57908,2,1
3550.6,9369.71,0,3.57908,2,1
3508.09,9343.59,0,3.80635,2,1
3502.79,9339.29,0,3.83736,2,1
3502.79,9339.29,0,3.83736,2,1
3387.66,9243.15,0,3.83736,4,1
785.101,7069.79,0,3.83736,1,1
751.85,7041.19,0,3.86661,3,1
751.85,7041.19,0,3.86661,3,1
714.426,7008.03,0,3.86661,3,1
677.001,6974.87,0,3.86661,3,1
639.577,6941.71,0,3.86661,3,1
602.152,6908.56,0,3.86661,3,1
564.728,6875.4,0,3.86661,3,1
540.515,6853.95,0,3.86661,3,1
540.515,6853.95,0,3.86661,3,1
508.043,6824.32,0,3.89591,3,1
476.453,6793.75,0,3.92522,3,1
476.453,6793.75,0,3.92522,3,1
441.035,6758.46,0,3.92522,3,1
405.617,6723.16,0,3.92522,3,1
370.199,6687.87,0,3.92522,3,1
334.781,6652.58,0,3.92522,3,1
299.363,6617.28,0,3.92522,3,1
276.449,6594.45,0,3.92522,3,1
276.449,6594.45,0,3.92522,3,1
245.836,6563.04,0,3.95446,3,1
-728.673,5533.46,0,3.95446,1,1
-934.898,5315.58,0,3.95446,5,1
-964.865,5275.69,0,4.18173,2,1
-968.855,5268.6,0,4.21875,2,1
-968.855,5268.6,0,4.21875,2,1
-992.547,5224.57,0,4.21875,2,1
-1016.24,5180.54,0,4.21875,2,1
-1039.93,5136.51,0,4.21875,2,1
-1063.62,5092.47,0,4.21875,2,1
-1087.31,5048.44,0,4.21875,2,1
-1090.33,5042.83,0,4.21875,2,1
-1090.33,5042.83,0,4.21875,2,1
-1108.84,4996.5,0,4.44602,2,1
-1115.11,4964.13,0,4.59604,2,1
-1115.25,4914.24,0,4.82331,2,1
-1109.15,4881.83,0,4.97333,2,1
-1109.15,4881.83,0,4.97333,2,1
-1096.25,4833.52,0,4.97333,2,1
-1083.35,4785.22,0,4.97333,2,1
-1070.45,4736.91,0,4.97333,2,1
-1057.55,4688.6,0,4.97333,2,1
-1044.65,4640.3,0,4.97333,2,1
-1043.01,4634.14,0,4.97333,2,1
-1043.01,4634.14,0,4.97333,2,1
-1024.76,4587.71,0,5.2006,2,1
-1020.8,4580.59,0,5.23761,2,1
-1020.8,4580.59,0,5.23761,2,1
-945.594,4450.81,0,5.23761,4,1
947.018,1184.96,0,5.23761,1,1
1097.44,925.395,0,5.23761,5,1
1117.4,879.669,0,5.01034,2,1
1126.54,830.622,0,4.78307,2,1
1124.4,780.776,0,4.55579,2,1
1120.51,761.692,0,4.46724,2,1
1120.51,761.692,0,4.46724,2,1
1108.38,713.186,0,4.46724,2,1
1096.24,664.681,0,4.46724,2,1
1084.11,616.176,0,4.46724,2,1
1071.97,567.671,0,4.46724,2,1
1059.84,519.166,0,4.46724,2,1
1047.7,470.661,0,4.46724,2,1
1035.57,422.156,0,4.46724,2,1
1023.43,373.651,0,4.46724,2,1
1015.28,341.073,0,4.46724,2,1
1015.28,341.073,0,4.46724,2,1
997.764,294.357,0,4.23996,2,1
970.169,252.791,0,4.01269,2,1
933.918,218.51,0,3.78542,2,1
917.839,207.521,0,3.69686,2,1
917.839,207.521,0,3.69686,2,1
790.376,128.445,0,3.69686,4,1
-12716.2,-8250.8,0,3.69686,1,1
-12971.1,-8408.95,0,3.69686,5,1
-13010.3,-8439.89,0,3.92414,2,1
-13017,-8446.92,0,3.96846,2,1
-13017,-8446.92,0,3.96846,2,1
-13050.9,-8483.71,0,3.96846,2,1
-13084.8,-8520.5,0,3.96846,2,1
-13118.6,-8557.29,0,3.96846,2,1
-13152.5,-8594.08,0,3.96846,2,1
-13183.3,-8627.61,0,3.96846,2,1
-13183.3,-8627.61,0,3.96846,2,1
-13212.7,-8667.92,0,4.19574,2,1
-13232.3,-8713.81,0,4.42301,2,1
-13236.5,-8730.32,0,4.5005,2,1
-13241.4,-8779.98,0,4.72778,2,1
-13235,-8829.45,0,4.95505,2,1
-13230.3,-8845.83,0,5.03255,2,1
-13230.3,-8845.83,0,5.03255,2,1
-13214.5,-8893.29,0,5.03255,2,1
-13198.8,-8940.75,0,5.03255,2,1
-13183.1,-8988.21,0,5.03255,2,1
-13167.3,-9035.67,0,5.03255,2,1
-13153,-9078.92,0,5.03255,2,1
-13153,-9078.92,0,5.03255,2,1
-13132,-9124.19,0,5.25982,2,1
-13126.8,-9132.4,0,5.30414,2,1
-13126.8,-9132.4,0,5.30414,2,1
-13043.1,-9256.9,0,5.30414,4,1
-10432.6,-13140.9,0,5.30414,1,1
-10265.3,-13389.9,0,5.30414,1,1
-9671.01,-14274.1,0,5.30414,1,1
-9571.46,-14422.2,0,5.30414,5,1
